666020888022790149,478,2477
666029285002620928,45,122
666033412701032449,43,119
666044226329800704,135,280
666049248165822465,41,101
666050758794694657,55,127
666051853826850816,801,1163
666055525042405380,224,416
666057090499244032,131,276
666058600524156928,55,107
666063827256086533,201,455
666071193221509120,54,137
666073100786774016,149,305
666082916733198337,42,107
666094000022159362,68,157
666099513787052032,63,144
666102155909144576,11,74
666104133288665088,6135,13747
666268910803644416,32,98
666273097616637952,74,164
666287406224695296,63,140
666293911632134144,327,475
666337882303524864,86,186
666345417576210432,129,281
666353288456101888,71,209
666362758909284353,534,743
666373753744588802,86,177
666396247373291520,80,160
666407126856765440,35,101
666411507551481857,314,423
666418789513326592,44,117
666421158376562688,108,307
666428276349472768,79,158
666430724426358785,181,304
666435652385423360,51,159
666437273139982337,43,118
666447344410484738,19,98
666454714377183233,204,502
666644823164719104,77,225
666649482315059201,596,1088
666691418707132416,46,184
666701168228331520,211,420
666739327293083650,64,227
666776908487630848,168,335
666781792255496192,183,372
666786068205871104,471,733
666804364988780544,88,228
666817836334096384,242,499
666826780179869698,92,246
666835007768551424,77,207
666837028449972224,538,795
666983947667116034,950,2490
666996132027977728,89,238
667012601033924608,214,438
667044094246576128,49,181
667062181243039745,51,212
667065535570550784,44,162
667070482143944705,14,82
667073648344346624,117,391
667090893657276420,122,328
667119796878725120,125,323
667138269671505920,2138,4506
667152164079423490,16492,46638
667160273090932737,61,251
667165590075940865,1105,2625
667171260800061440,84,217
667174963120574464,79,238
667176164155375616,450,599
667177989038297088,55,186
667182792070062081,5998,14037
667188689915760640,397,731
667192066997374976,98,377
667200525029539841,256,603
667211855547486208,239,480
667369227918143488,159,357
667393430834667520,53,190
667405339315146752,217,455
667435689202614272,83,301
667437278097252352,230,441
667443425659232256,561,763
667453023279554560,88,302
667455448082227200,59,185
667470559035432960,96,249
667491009379606528,221,521
667495797102141441,262,505
667502640335572993,216,526
667509364010450944,2069,6659
667517642048163840,188,363
667524857454854144,1083,1655
667530908589760512,233,455
667534815156183040,511,806
667538891197542400,64,198
667544320556335104,512,847
667546741521195010,121,332
667549055577362432,2217,5675
667550882905632768,32,0
667550904950915073,34,0
667724302356258817,313,470
667728196545200128,146,372
667766675769573376,210,434
667773195014021121,55,233
667782464991965184,241,401
667793409583771648,323,689
667801013445750784,95,323
667806454573760512,481,1041
667832474953625600,61,287
667861340749471744,75,235
667866724293877760,1008,2966
667873844930215936,393,618
667878741721415682,115,384
667885044254572545,469,804
667886921285246976,1054,1848
667902449697558528,370,836
667911425562669056,297,482
667915453470232577,55,203
667924896115245057,109,294
667937095915278337,773,1234
668113020489474048,235,659
668142349051129856,277,566
668154635664932864,302,482
668171859951755264,189,480
668190681446379520,193,646
668204964695683073,190,552
668221241640230912,192,504
668226093875376128,102,294
668237644992782336,2790,6092
668248472370458624,472,960
668256321989451776,595,1285
668268907921326080,232,547
668274247790391296,227,809
668286279830867968,135,495
668291999406125056,29,237
668297328638447616,294,612
668466899341221888,506,871
668480044826800133,144,450
668484198282485761,231,417
668496999348633600,128,403
668507509523615744,101,318
668528771708952576,220,450
668537837512433665,72,249
668542336805281792,211,446
668544745690562560,217,502
668567822092664832,52,241
668587383441514497,1054,1656
668614819948453888,313,605
668620235289837568,40,195
668623201287675904,749,1404
668625577880875008,129,381
668627278264475648,111,310
668631377374486528,310,703
668633411083464705,1594,2764
668636665813057536,481,1028
668641109086707712,532,1061
668643542311546881,522,866
668645506898350081,519,872
668655139528511488,216,523
668779399630725120,367,698
668815180734689280,263,566
668826086256599040,134,428
668852170888998912,164,449
668872652652679168,297,519
668892474547511297,148,392
668902994700836864,100,314
668932921458302977,58,260
668955713004314625,71,275
668960084974809088,235,697
668967877119254528,22,146
668975677807423489,571,1287
668979806671884288,342,787
668981893510119424,301,530
668986018524233728,165,549
668988183816871936,461,886
668989615043424256,325,671
668992363537309700,338,733
668994913074286592,225,435
669000397445533696,6263,20609
669006782128353280,244,571
669015743032369152,370,732
669037058363662336,307,646
669203728096960512,467,993
669214165781868544,161,433
669216679721873412,401,1181
669324657376567296,205,493
669327207240699904,114,570
669328503091937280,413,1006
669351434509529089,181,431
669353438988365824,259,631
669354382627049472,1260,2666
669359674819481600,121,367
669363888236994561,222,612
669367896104181761,149,454
669371483794317312,177,493
669375718304980992,717,1319
669393256313184256,75,362
669564461267722241,121,380
669567591774625800,55,231
669571471778410496,1000,1575
669573570759163904,137,431
669583744538451968,915,1476
669597912108789760,149,507
669603084620980224,357,940
669625907762618368,1789,3489
669661792646373376,425,797
669680153564442624,284,658
669682095984410625,131,347
669683899023405056,110,385
669684865554620416,88,508
669749430875258880,65,264
669753178989142016,391,804
669923323644657664,54,230
669926384437997569,99,368
669942763794931712,158,496
669970042633789440,59,302
669972011175813120,156,444
669993076832759809,83,323
670003130994700288,92,331
670037189829525505,269,584
670040295598354432,110,749
670046952931721218,170,641
670055038660800512,327,662
670061506722140161,331,754
670069087419133954,233,616
670073503555706880,771,1560
670079681849372674,1209,2200
670086499208155136,246,690
670093938074779648,329,1012
670290420111441920,280,695
670303360680108032,130,426
670319130621435904,1206,3831
670338931251150849,107,419
670361874861563904,65,325
670374371102445568,267,743
670385711116361728,202,553
670403879788544000,153,423
670408998013820928,220,551
670411370698022913,877,2001
670417414769758208,314,563
670420569653809152,309,621
670421925039075328,621,1286
670427002554466305,160,518
670428280563085312,613,1363
670433248821026816,111,325
670434127938719744,635,1380
670435821946826752,507,1039
670442337873600512,195,636
670444955656130560,1950,6637
670449342516494336,643,1182
670452855871037440,202,541
670465786746662913,539,958
670468609693655041,86,350
670474236058800128,730,1491
670668383499735048,4941,10559
670676092097810432,41,244
670679630144274432,276,742
670691627984359425,241,587
670704688707301377,368,765
670717338665226240,485,1188
670727704916926465,353,817
670733412878163972,504,950
670755717859713024,109,434
670764103623966721,414,1057
670778058496974848,72,325
670780561024270336,286,776
670782429121134593,757,1545
670783437142401025,382,815
670786190031921152,200,597
670789397210615808,238,653
670792680469889025,273,820
670797304698376195,234,730
670803562457407488,87,337
670804601705242624,942,1933
670807719151067136,486,1145
670811965569282048,268,1112
670815497391357952,1518,3136
670822709593571328,93,601
670823764196741120,186,763
670826280409919488,3984,5463
670832455012716544,213,724
670833812859932673,120,436
670838202509447168,681,1092
670840546554966016,193,582
670842764863651840,8544,24287
670995969505435648,290,1097
671109016219725825,433,1124
671115716440031232,766,1354
671122204919246848,2484,3453
671134062904504320,190,738
671138694582165504,397,908
671141549288370177,647,1141
671147085991960577,216,660
671151324042559489,152,663
671154572044468225,216,703
671159727754231808,81,366
671163268581498880,1083,1642
671166507850801152,347,862
671182547775299584,339,1106
671186162933985280,207,730
671347597085433856,421,945
671355857343524864,114,478
671357843010908160,147,394
671362598324076544,292,1088
671390180817915904,733,1427
671485057807351808,229,756
671486386088865792,195,573
671488513339211776,464,1002
671497587707535361,440,903
671504605491109889,3506,6918
671511350426865664,702,1589
671518598289059840,289,940
671520732782923777,522,1385
671528761649688577,258,836
671533943490011136,569,1010
671536543010570240,399,1157
671538301157904385,389,920
671542985629241344,556,1081
671544874165002241,1033,1953
671547767500775424,584,1335
671550332464455680,206,900
671561002136281088,7121,12665
671729906628341761,4288,8404
671735591348891648,743,1429
671743150407421952,233,739
671744970634719232,755,1337
671763349865160704,902,1651
671768281401958400,499,1180
671789708968640512,3436,6983
671855973984772097,435,892
671866342182637568,485,1102
671874878652489728,546,1234
671879137494245376,664,1398
671882082306625538,1359,3420
671891728106971137,564,1315
671896809300709376,4097,8409
672068090318987265,511,1278
672082170312290304,357,931
672095186491711488,366,992
672125275208069120,1126,2368
672139350159835138,687,1725
672160042234327040,353,862
672169685991993344,364,1005
672205392827572224,1136,2237
672222792075620352,209,775
672231046314901505,991,1807
672239279297454080,318,881
672245253877968896,155,674
672248013293752320,598,1706
672254177670729728,729,1414
672256522047614977,1524,2783
672264251789176834,332,1125
672267570918129665,606,1484
672272411274932228,3322,6393
672466075045466113,529,1339
672475084225949696,692,1416
672481316919734272,124,710
672482722825261057,590,1121
672488522314567680,434,1098
672523490734551040,167,630
672538107540070400,359,1018
672591271085670400,179,714
672591762242805761,332,939
672594978741354496,603,1319
672604026190569472,396,1099
672609152938721280,385,1102
672614745925664768,573,1208
672622327801233409,485,1284
672640509974827008,317,964
672828477930868736,488,1240
672834301050937345,558,1302
672877615439593473,359,1016
672884426393653248,828,1526
672898206762672129,423,897
672902681409806336,496,1347
672964561327235073,632,1404
672968025906282496,541,1304
672970152493887488,353,936
672975131468300288,898,1659
672980819271634944,989,1805
672984142909456390,539,1244
672988786805112832,292,978
672995267319328768,288,942
672997845381865473,715,1950
673148804208660480,622,1674
673213039743795200,832,2221
673240798075449344,721,1409
673270968295534593,363,1054
673295268553605120,3134,7444
673317986296586240,254,868
673320132811366400,7816,13345
673342308415348736,573,1259
673343217010679808,269,961
673345638550134785,1247,2483
673350198937153538,211,739
673352124999274496,532,1643
673355879178194945,568,1476
673359818736984064,663,1435
673363615379013632,305,1012
673576835670777856,555,1377
673580926094458881,269,829
673583129559498752,357,1180
673612854080196609,719,1589
673636718965334016,355,1094
673656262056419329,237,714
673662677122719744,362,1244
673680198160809984,463,1361
673686845050527744,433,1422
673688752737402881,489,1252
673689733134946305,647,1719
673697980713705472,1928,3763
673700254269775872,560,1427
673705679337693185,400,1246
673707060090052608,386,1092
673708611235921920,284,1073
673709992831262724,273,842
673711475735838725,297,1029
673715861853720576,2050,3517
673716320723169284,740,3058
673887867907739649,251,925
673906403526995968,1622,3174
673919437611909120,368,1159
673956914389192708,947,1934
674008982932058114,347,1190
674014384960745472,632,1552
674019345211760640,300,1121
674024893172875264,1206,1771
674036086168010753,209,842
674038233588723717,410,1094
674042553264685056,128,719
674045139690631169,638,1409
674051556661161984,485,1438
674053186244734976,1289,3305
674063288070742018,2193,6330
674075285688614912,287,980
674082852460433408,167,752
674255168825880576,550,1456
674262580978937856,452,1298
674265582246694913,846,1641
674269164442398721,225,902
674271431610523648,730,1562
674291837063053312,5840,14655
674307341513269249,6906,11268
674318007229923329,515,1410
674330906434379776,72,558
674372068062928900,314,843
674394782723014656,571,1504
674410619106390016,462,1195
674416750885273600,140,679
674422304705744896,534,1432
674436901579923456,393,1109
674447403907457024,354,1059
674468880899788800,2028,6200
674606911342424069,97,939
674632714662858753,574,1499
674638615994089473,578,1678
674644256330530816,266,1020
674646392044941312,494,1433
674664755118911488,253,917
674670581682434048,645,1598
674690135443775488,466,1143
674737130913071104,93,644
674739953134403584,384,1103
674742531037511680,50,488
674743008475090944,550,1397
674752233200820224,464,1455
674754018082705410,447,1362
674764817387900928,237,786
674767892831932416,788,1823
674774481756377088,471,1110
674781762103414784,1200,1997
674788554665512960,208,815
674790488185167872,249,1099
674793399141146624,1083,2505
674800520222154752,860,3016
674805413498527744,353,858
674999807681908736,1099,2243
675003128568291329,468,1558
675006312288268288,226,982
675015141583413248,1184,2706
675047298674663426,325,1057
675109292475830276,1134,2784
675111688094527488,253,963
675113801096802304,786,1948
675135153782571009,493,1293
675145476954566656,905,2129
675146535592706048,306,1189
675147105808306176,235,941
675149409102012420,1680,3718
675153376133427200,2590,6274
675166823650848770,1599,3602
675334060156301312,1288,2768
675349384339542016,2260,3914
675354435921575936,16877,32635
675362609739206656,232,1047
675372240448454658,516,1690
675432746517426176,566,1524
675483430902214656,981,1842
675489971617296384,599,1298
675497103322386432,1297,3149
675501075957489664,5838,17158
675517828909424640,464,1290
675522403582218240,289,1040
675531475945709568,386,1183
675534494439489536,418,1820
675706639471788032,97,643
675707330206547968,689,1981
675710890956750848,820,1893
675740360753160193,346,1167
675781562965868544,472,1632
675798442703122432,3406,10277
675820929667219457,234,1051
675822767435051008,536,1521
675845657354215424,880,2282
675849018447167488,145,940
675853064436391936,1302,2693
675870721063669760,570,1639
675878199931371520,1403,4189
675888385639251968,960,2389
675891555769696257,863,2138
675898130735476737,569,1626
676089483918516224,436,1321
676098748976615425,1432,3026
676101918813499392,1168,2828
676121918416756736,1166,2168
676146341966438401,662,1926
676191832485810177,1041,2290
676215927814406144,585,1743
676219687039057920,31170,76106
676237365392908289,289,1227
676263575653122048,553,2086
676430933382295552,347,1401
676440007570247681,673,1727
676470639084101634,4696,11676
676496375194980353,534,1524
676533798876651520,555,1881
676575501977128964,1121,2594
676582956622721024,280,1205
676588346097852417,793,2324
676590572941893632,126,915
676593408224403456,2170,4605
676603393314578432,384,1164
676606785097199616,441,1890
676613908052996102,199,1086
676617503762681856,976,2918
676776431406465024,2039,5032
676811746707918848,426,1424
676819651066732545,673,1823
676821958043033607,15752,23199
676864501615042560,715,2110
676897532954456065,726,2268
676916996760600576,1815,2996
676936541936185344,4953,12811
676942428000112642,760,2087
676946864479084545,375,1740
676948236477857792,870,2186
676949632774234114,398,1318
676957860086095872,816,2247
676975532580409345,1084,2799
677187300187611136,930,2769
677228873407442944,1655,3568
677269281705472000,712,2009
677301033169788928,407,1243
677314812125323265,533,1657
677328882937298944,1521,3663
677331501395156992,237,1099
677334615166730240,287,1359
677335745548390400,1802,3064
677530072887205888,233,1081
677547928504967168,3711,7004
677557565589463040,1167,2461
677565715327688705,468,1310
677573743309385728,724,2154
677644091929329666,807,1879
677662372920729601,965,1960
677673981332312066,1518,3358
677687604918272002,853,2505
677698403548192770,323,1243
677700003327029250,1459,3421
677716515794329600,987,3094
677895101218201600,2117,4896
677918531514703872,419,1366
677961670166224897,1704,3460
678021115718029313,6415,13873
678023323247357953,388,1952
678255464182861824,369,1608
678278586130948096,6154,11571
678334497360859136,259,1318
678341075375947776,544,1748
678380236862578688,923,2474
678389028614488064,432,1892
678396796259975168,419,1615
678399652199309312,32247,80267
678410210315247616,1843,4283
678424312106393600,2589,5560
678446151570427904,1576,4055
678643457146150913,420,2075
678675843183484930,1493,2901
678708137298427904,2463,5665
678740035362037760,1702,3799
678755239630127104,3336,7225
678764513869611008,481,1658
678767140346941444,1382,3590
678774928607469569,924,2841
678798276842360832,1182,3495
678800283649069056,917,2616
678969228704284672,468,1669
678991772295516161,1188,2345
679001094530465792,1244,2872
679047485189439488,680,2275
679062614270468097,8283,17278
679111216690831360,2611,6059
679132435750195208,1175,3010
679148763231985668,1048,2819
679158373988876288,8186,21728
679405845277462528,1227,2411
679462823135686656,19177,32229
679475951516934144,651,2126
679503373272485890,1497,3203
679511351870550016,1288,3424
679527802031484928,731,2684
679530280114372609,2120,4856
679722016581222400,472,1679
679729593985699840,845,2195
679736210798047232,813,2127
679777920601223168,1130,3138
679828447187857408,14282,36905
679844490799091713,778,2407
679854723806179328,1253,2908
679862121895714818,636,2495
679872969355714560,676,2214
679877062409191424,662,2006
680070545539371008,898,2632
680085611152338944,9148,13031
680100725817409536,1409,3643
680115823365742593,925,2761
680130881361686529,968,2328
680145970311643136,1780,3682
680161097740095489,750,2367
680176173301628928,1587,3964
680191257256136705,509,2185
680206703334408192,1199,2887
680221482581123072,298,1487
680440374763077632,509,1473
680473011644985345,754,2594
680494726643068929,493,1757
680497766108381184,1955,4313
680583894916304897,1372,3689
680609293079592961,720,2683
680798457301471234,1059,2899
680801747103793152,832,2412
680805554198020098,676,2193
680836378243002368,1352,3531
680889648562991104,373,1796
680913438424612864,636,2446
680934982542561280,443,2111
680940246314430465,1074,3258
680959110691590145,2043,4663
680970795137544192,673,2465
681193455364796417,1512,3766
681231109724700672,497,2453
681242418453299201,547,1513
681261549936340994,280,1483
681281657291280384,1122,3282
681297372102656000,979,3269
681302363064414209,1855,4016
681320187870711809,767,2689
681339448655802368,4172,9486
681340665377193984,286,1669
681523177663676416,5899,14602
681579835668455424,1331,3627
681610798867845120,481,1944
681654059175129088,945,2690
681679526984871937,455,1804
681694085539872773,4159,13029
681891461017812993,837,2515
681981167097122816,1059,2860
682003177596559360,1564,3202
682032003584274432,2054,6720
682047327939461121,970,3258
682059653698686977,1730,5048
682088079302213632,10096,18656
682242692827447297,1197,3324
682259524040966145,1235,4241
682303737705140231,1009,3117
682389078323662849,474,1696
682393905736888321,691,2277
682406705142087680,1806,7734
682429480204398592,1185,3499
682638830361513985,614,2106
682662431982772225,1105,3120
682697186228989953,367,1334
682750546109968385,448,1543
682788441537560576,1135,2524
682808988178739200,177,1816
682962037429899265,17013,37668
683030066213818368,750,2201
683078886620553216,573,2022
683098815881154561,675,2203
683111407806746624,928,3466
683142553609318400,1066,2937
683357973142474752,947,2990
683391852557561860,2447,7797
683449695444799489,1634,3976
683462770029932544,691,2475
683481228088049664,1018,2701
683498322573824003,980,3233
683515932363329536,2962,7486
683742671509258241,3392,6628
683773439333797890,1385,3409
683828599284170753,1091,2858
683834909291606017,1134,2672
683849932751646720,991,2665
683852578183077888,353,1967
683857920510050305,1141,3879
684097758874210310,1460,4207
684122891630342144,480,2044
684147889187209216,1541,3044
684177701129875456,678,2058
684188786104872960,1203,3561
684195085588783105,522,1953
684200372118904832,1057,2207
684222868335505415,1403,3901
684225744407494656,213,1254
684241637099323392,3361,8339
684460069371654144,569,2012
684481074559381504,1197,3960
684538444857667585,973,2700
684567543613382656,1257,3089
684588130326986752,1448,4191
684594889858887680,3603,9098
684800227459624960,1026,2776
684830982659280897,22142,35788
684880619965411328,836,2143
684902183876321280,541,1918
684914660081053696,1492,3584
684926975086034944,472,3573
684940049151070208,1069,3287
684959798585110529,3209,6958
684969860808454144,381,2428
685169283572338688,1455,4195
685198997565345792,681,2389
685268753634967552,1222,3164
685307451701334016,453,2116
685315239903100929,1084,3416
685321586178670592,659,2703
685325112850124800,4066,9661
685532292383666176,1189,3095
685547936038666240,16040,33667
685641971164143616,796,3000
685663452032069632,1493,3320
685667379192414208,586,2401
685681090388975616,129,2080
685906723014619143,2962,7669
685943807276412928,608,1661
685973236358713344,536,2149
686003207160610816,650,1862
686007916130873345,425,2544
686034024800862208,1181,3180
686035780142297088,121,1180
686050296934563840,739,2251
686286779679375361,1694,4083
686358356425093120,689,2233
686377065986265092,580,2252
686386521809772549,900,3326
686394059078897668,698,1777
686606069955735556,554,1936
686618349602762752,1393,3770
686683045143953408,824,2879
686730991906516992,1223,4226
686749460672679938,1486,3554
686760001961103360,1411,3598
686947101016735744,3264,8805
687096057537363968,615,2287
687102708889812993,1003,2391
687109925361856513,2512,5928
687124485711986689,514,2209
687127927494963200,2339,5566
687312378585812992,1946,4456
687317306314240000,9372,20556
687399393394311168,633,1935
687460506001633280,551,2095
687476254459715584,545,2025
687480748861947905,247,1633
687494652870668288,588,1941
687664829264453632,516,1980
687704180304273409,860,2479
687732144991551489,680,1795
687807801670897665,727,2441
687818504314159109,971,2542
687826841265172480,1146,2793
687841446767013888,2573,5589
688064179421470721,367,1762
688116655151435777,798,2885
688179443353796608,593,2171
688211956440801280,850,2280
688385280030670848,4559,9486
688519176466644993,742,2364
688547210804498433,716,2663
688789766343622656,672,2262
688804835492233216,194,981
688828561667567616,379,1406
688894073864884227,710,2284
688898160958271489,797,2144
688908934925697024,785,2153
688916208532455424,894,2782
689143371370250240,522,2046
689154315265683456,1018,3132
689255633275777024,1107,2612
689275259254616065,246,1171
689280876073582592,727,2027
689283819090870273,1131,3348
689289219123089408,963,2299
689517482558820352,1466,3475
689557536375177216,468,2088
689599056876867584,5649,11870
689623661272240129,648,2270
689659372465688576,3968,10583
689661964914655233,943,3271
689835978131935233,760,2202
689877686181715968,1199,3094
689905486972461056,706,2485
689977555533848577,458,1393
689993469801164801,462,1486
689999384604450816,378,1456
690005060500217858,1724,3733
690015576308211712,751,2549
690021994562220032,1050,2849
690248561355657216,425,1711
690348396616552449,527,1540
690360449368465409,908,2707
690374419777196032,867,3315
690400367696297985,461,1916
690597161306841088,620,2006
690607260360429569,17,297
690649993829576704,286,1334
690690673629138944,824,2373
690728923253055490,528,2223
690735892932222976,1299,3863
690932576555528194,1050,3358
690938899477221376,2014,4200
690959652130045952,1279,3670
690989312272396288,2931,6011
691090071332753408,340,1749
691096613310316544,896,3018
691321916024623104,672,2623
691416866452082688,7812,19721
691444869282295808,867,2701
691459709405118465,1166,4120
691483041324204033,576,2428
691675652215414786,522,1988
691756958957883396,1032,2925
691793053716221953,4317,8307
691820333922455552,1694,4033
692017291282812928,981,2932
692041934689402880,1294,3469
692142790915014657,402,1676
692158366030913536,801,2184
692187005137076224,838,2582
692417313023332352,3537,9531
692423280028966913,232,1511
692530551048294401,421,1872
692535307825213440,1389,3239
692568918515392513,1572,4442
692752401762250755,3716,6968
692828166163931137,896,2928
692894228850999298,822,2321
692901601640583168,613,1804
692905862751522816,892,2478
692919143163629568,767,2720
693095443459342336,477,1903
693109034023534592,630,1746
693155686491000832,3275,8033
693231807727280129,751,2925
693262851218264065,510,2268
693267061318012928,830,2430
693280720173801472,1261,3420
693486665285931008,649,1812
693582294167244802,260,1681
693590843962331137,1997,5160
693622659251335168,378,1569
693629975228977152,808,2491
693642232151285760,417,2586
693644216740769793,126,1374
693647888581312512,602,2746
693942351086120961,376,1774
693993230313091072,410,1906
694001791655137281,1051,3470
694183373896572928,948,3012
694206574471057408,2076,4253
694329668942569472,514,2042
694342028726001664,491,1598
694352839993344000,631,2081
694356675654983680,292,1532
694669722378485760,14701,36516
694905863685980160,951,2805
694925794720792577,938,2753
695051054296211456,798,2716
695064344191721472,601,1629
695074328191332352,1123,2896
695095422348574720,631,2685
695314793360662529,1484,3706
695409464418041856,3657,8834
695446424020918272,1849,4482
695629776980148225,2145,4670
695767669421768709,765,1904
695794761660297217,794,3229
695816827381944320,1188,3065
696100768806522880,670,1972
696405997980676096,1175,3268
696488710901260288,1039,2590
696490539101908992,145,1236
696518437233913856,1740,3981
696713835009417216,663,2422
696744641916489729,959,2112
696754882863349760,369,1513
696877980375769088,720,2483
696886256886657024,1840,4963
696894894812565505,691,2384
696900204696625153,1041,3238
697242256848379904,683,2568
697255105972801536,1187,3089
697259378236399616,1025,3355
697270446429966336,1919,4780
697463031882764288,1419,3484
697482927769255936,688,2465
697516214579523584,1143,2108
697575480820686848,508,2074
697596423848730625,1285,3086
697616773278015490,1032,3226
697630435728322560,550,1789
697881462549430272,1209,3080
697943111201378304,698,2439
697990423684476929,1319,3358
697995514407682048,338,1549
698178924120031232,759,2868
698195409219559425,6109,17096
698262614669991936,2044,4855
698342080612007937,969,2306
698355670425473025,460,1905
698549713696649216,636,2377
698635131305795584,347,1315
698703483621523456,389,1479
698710712454139905,695,2519
698907974262222848,639,2595
698953797952008193,926,2754
698989035503689728,1001,3440
699036661657767936,1219,2658
699060279947165696,1842,3846
699072405256409088,1216,3050
699079609774645248,672,2505
699088579889332224,648,2285
699323444782047232,880,3225
699370870310113280,451,1929
699413908797464576,632,2114
699423671849451520,334,1399
699434518667751424,525,2213
699446877801091073,2669,6066
699691744225525762,4719,10483
699775878809702401,612,1995
699779630832685056,1270,2812
699788877217865730,514,2278
699801817392291840,972,3127
700002074055016451,1366,3382
700029284593901568,601,2115
700062718104104960,705,2705
700143752053182464,2792,7681
700151421916807169,685,2279
700167517596164096,756,2687
700462010979500032,1828,4214
700505138482569216,587,2333
700518061187723268,810,2666
700747788515020802,9529,23326
700796979434098688,965,2488
700847567345688576,511,2495
700864154249383937,630,2643
700890391244103680,577,2258
701214700881756160,5224,12468
701545186879471618,621,2711
701570477911896070,945,2873
701601587219795968,466,2130
701805642395348998,1713,3495
701889187134500865,1414,3605
701952816642965504,1046,3906
701981390485725185,1009,3519
702217446468493312,1369,4892
702276748847800320,780,2519
702321140488925184,1058,3332
702332542343577600,1578,3250
702539513671897089,977,2937
702598099714314240,3508,12440
702671118226825216,568,2246
702684942141153280,1088,3294
702899151802126337,462,1633
702932127499816960,739,2644
703041949650034688,12762,26859
703079050210877440,3154,7542
703268521220972544,556,2007
703356393781329922,392,1950
703382836347330562,1161,3585
703407252292673536,709,2501
703425003149250560,1388,3865
703611486317502464,1556,3934
703631701117943808,693,2641
703769065844768768,1161,3347
703774238772166656,475,1873
704054845121142784,930,2987
704113298707505153,576,1886
704134088924532736,474,1533
704347321748819968,357,1615
704364645503647744,3630,8163
704480331685040129,1088,3457
704491224099647488,81,774
704499785726889984,1029,2990
704761120771465216,2958,6754
704819833553219584,1008,2696
704847917308362754,1560,5197
704859558691414016,552,2296
704871453724954624,1134,4344
705066031337840642,628,2222
705102439679201280,522,2189
705223444686888960,808,2625
705239209544720384,764,3059
705428427625635840,1720,3882
705442520700944385,1660,4526
705475953783398401,935,3012
705591895322394625,1175,3233
705786532653883392,528,1979
705898680587526145,565,2411
705970349788291072,911,3211
705975130514706432,742,3171
706153300320784384,387,1513
706166467411222528,1636,5258
706169069255446529,2261,3980
706265994973601792,947,2785
706291001778950144,481,1730
706310011488698368,8111,21774
706346369204748288,945,3518
706516534877929472,1049,3162
706538006853918722,1454,3531
706593038911545345,645,2205
706644897839910912,1120,2623
706681918348251136,992,3390
706901761596989440,607,2103
706904523814649856,8012,14866
707014260413456384,602,2345
707021089608753152,1399,4168
707038192327901184,803,2232
707059547140169728,689,2640
707297311098011648,801,2833
707315916783140866,657,2525
707377100785885184,1104,3348
707387676719185920,1312,3568
707411934438625280,607,2337
707420581654872064,708,2315
707610948723478529,6490,17293
707629649552134146,895,2618
707693576495472641,1019,3489
707738799544082433,2521,4171
707741517457260545,627,2542
707776935007539200,970,3342
707969809498152960,982,2762
707983188426153984,2,51
707995814724026368,1145,3195
708026248782585858,1956,4458
708109389455101952,556,1980
708119489313951744,1002,2739
708130923141795840,860,3449
708149363256774660,1579,4359
708349470027751425,751,2394
708356463048204288,1344,3658
708400866336894977,10285,16300
708469915515297792,831,3155
708479650088034305,688,2601
708711088997666817,735,2585
708738143638450176,836,2798
708810915978854401,7056,16778
708834316713893888,509,1713
708845821941387268,912,3054
708853462201716736,665,1819
709042156699303936,1669,4836
709158332880297985,424,2079
709179584944730112,678,2043
709198395643068416,658,2473
709207347839836162,5925,12808
709225125749587968,582,2451
709409458133323776,698,2669
709449600415961088,587,2274
709519240576036864,240,1518
709556954897764353,1090,3360
709566166965075968,1222,3608
709852847387627521,1221,3584
709901256215666688,102,679
709918798883774466,1084,3050
710117014656950272,2026,5599
710140971284037632,900,2817
710153181850935296,908,2956
710269109699739648,1146,2434
710272297844797440,1270,4618
710283270106132480,526,2186
710296729921429505,750,2415
710588934686908417,1903,4634
710609963652087808,2420,4872
710658690886586372,571,2360
710833117892898816,545,2740
710844581445812225,705,2595
710997087345876993,1405,4648
711008018775851008,621,3048
711306686208872448,747,3377
711363825979756544,1159,3728
711652651650457602,931,3923
711694788429553666,18701,33438
711732680602345472,4194,9022
711743778164514816,1002,2907
711968124745228288,2355,8202
711998809858043904,130,0
712065007010385924,641,2307
712085617388212225,495,3318
712092745624633345,904,2991
712097430750289920,1058,3849
712309440758808576,25,246
712438159032893441,1590,5424
712668654853337088,1233,4245
712717840512598017,5084,12555
713175907180089344,1489,4546
713177543487135744,2885,7350
713411074226274305,1320,4510
713761197720473600,1402,4968
713900603437621249,754,2883
713909862279876608,546,1946
713919462244790272,797,3353
714141408463036416,1424,4387
714214115368108032,892,2313
714251586676113411,844,3330
714258258790387713,730,3080
714485234495041536,1158,2735
714606013974974464,943,3694
714631576617938945,1017,3330
714957620017307648,1431,4202
714962719905021952,4353,7478
714982300363173890,1052,3815
715009755312439296,1256,4241
715200624753819648,1918,5230
715220193576927233,662,2460
715342466308784130,704,3090
715360349751484417,1600,5565
715696743237730304,1313,3977
715704790270025728,572,2852
715733265223708672,1715,4744
715758151270801409,1458,3789
715928423106027520,893,3251
716080869887381504,1941,6858
716285507865542656,1085,2824
716439118184652801,214,2413
716447146686459905,5989,13301
716730379797970944,435,1256
716791146589110272,1559,7446
716802964044845056,1195,4372
717009362452090881,990,3312
717047459982213120,1965,6393
717421804990701568,859,3201
717428917016076293,456,1636
717537687239008257,1880,5861
717790033953034240,1136,2930
717841801130979328,610,2506
718234618122661888,1018,3944
718246886998687744,509,1965
718454725339934721,1528,4944
718460005985447936,531,2753
718540630683709445,1029,2519
718613305783398402,490,2473
718631497683582976,8190,19154
718939241951195136,1794,5335
718971898235854848,1096,3545
719332531645071360,972,3479
719339463458033665,1265,4495
719367763014393856,755,2846
719551379208073216,1950,5149
719704490224398336,1467,4633
719991154352222208,1775,4914
720043174954147842,2046,4989
720059472081784833,1138,3933
720340705894408192,990,2921
720389942216527872,2553,6495
720415127506415616,1524,4206
720775346191278080,679,2525
720785406564900865,781,3169
721001180231503872,625,2575
721503162398597120,1897,4712
722613351520608256,1658,5049
722974582966214656,1584,4168
723179728551723008,1889,5374
723673163800948736,909,3066
723688335806480385,3005,7806
723912936180330496,1258,3972
724004602748780546,1592,4243
724046343203856385,572,2702
724049859469295616,1808,4401
724405726123311104,1674,5370
724771698126512129,650,2402
724983749226668032,1338,3778
725458796924002305,628,1436
725729321944506368,1825,5290
725786712245440512,1388,4231
725842289046749185,2718,7177
726224900189511680,1167,4490
726828223124897792,1020,3627
726887082820554753,1547,3906
726935089318363137,2502,7020
727155742655025152,1356,3699
727175381690781696,1410,3966
727286334147182592,825,3101
727314416056803329,760,3395
727524757080539137,1247,4550
727644517743104000,1779,5993
727685679342333952,649,3006
728015554473250816,1126,4180
728035342121635841,1692,4645
728046963732717569,1209,4393
728387165835677696,978,3745
728409960103686147,2046,5011
728653952833728512,1055,3370
728751179681943552,688,2825
728760639972315136,1742,4756
728986383096946689,832,3205
729113531270991872,330,1914
729463711119904772,2363,5900
729823566028484608,1269,4055
729838605770891264,391,1748
729854734790754305,1152,4120
730196704625098752,1950,4954
730211855403241472,1071,3902
730427201120833536,1066,3545
730573383004487680,2171,5009
730924654643314689,2019,6261
731156023742988288,1295,3904
731285275100512256,1003,3552
732005617171337216,5522,15183
732375214819057664,2567,8232
732585889486888962,788,3741
732726085725589504,906,3611
732732193018155009,547,2488
733109485275860992,17224,51144
733460102733135873,1311,4287
733482008106668032,964,3202
733822306246479872,1035,3738
733828123016450049,802,3639
734559631394082816,404,1513
734776360183431168,555,2554
734787690684657664,6411,12795
734912297295085568,532,2792
735137028879360001,989,3188
735256018284875776,901,3397
735274964362878976,5156,13246
735635087207878657,2387,6294
735648611367784448,1129,4092
735991953473572864,1177,3665
736010884653420544,3061,8045
736225175608430592,2836,8276
736365877722001409,1273,4060
736392552031657984,7571,18056
736736130620620800,1769,4377
737310737551491075,7559,14983
737322739594330112,829,3671
737445876994609152,4553,10477
737678689543020544,1361,5142
737800304142471168,3546,10181
737826014890496000,1803,5376
738156290900254721,661,2560
738166403467907072,3451,8958
738184450748633089,1238,4410
738402415918125056,859,3307
738537504001953792,1586,5198
738883359779196928,814,3378
738885046782832640,1167,3842
738891149612572673,6,112
739238157791694849,59319,118225
739485634323156992,2999,7316
739544079319588864,21802,40412
739606147276148736,1688,5477
739623569819336705,1383,3857
739844404073074688,874,3886
739932936087216128,1104,4130
739979191639244800,6053,20377
740214038584557568,2012,6827
740359016048689152,877,3368
740365076218183684,440,2516
740373189193256964,13604,35661
740676976021798912,6964,18539
740699697422163968,800,2907
740711788199743490,960,3485
740995100998766593,2805,6515
741067306818797568,3166,9681
741099773336379392,5640,10229
741303864243200000,3297,8968
741438259667034112,852,3750
741743634094141440,2832,8349
741793263812808706,1541,4654
742150209887731712,1577,5257
742161199639494656,1412,4444
742385895052087300,2020,6950
742423170473463808,3864,10029
742465774154047488,3974,7422
742528092657332225,2025,4527
742534281772302336,3643,7211
743210557239623680,1404,3930
743222593470234624,1944,6341
743253157753532416,1254,4321
743510151680958465,3800,8083
743545585370791937,966,3613
743595368194129920,6711,18839
743609206067040256,1409,4585
743835915802583040,2138,0
743895849529389061,980,3722
743980027717509120,1120,4262
744223424764059648,377,1716
744234799360020481,80025,160083
744334592493166593,2181,6936
744709971296780288,1608,5737
744971049620602880,2753,8063
744995568523612160,636,3033
745057283344719872,2330,7405
745074613265149952,3605,8017
745314880350101504,2831,7339
745422732645535745,2496,8789
745433870967832576,2603,7246
745712589599014916,2386,7159
745789745784041472,1096,4114
746056683365994496,829,3627
746131877086527488,2265,7076
746369468511756288,1674,6321
746507379341139972,1107,4756
746521445350707200,1008,0
746542875601690625,1919,5158
746726898085036033,1840,6198
746757706116112384,4002,9793
746790600704425984,1634,4994
746818907684614144,1776,5427
746872823977771008,2181,6120
746906459439529985,307,2963
747103485104099331,4073,9807
747204161125646336,941,3456
747219827526344708,1617,5408
747242308580548608,2958,0
747439450712596480,1966,5559
747461612269887489,1064,3962
747512671126323200,1641,5672
747594051852075008,1076,3770
747600769478692864,566,2375
747648653817413632,6004,13236
747651430853525504,159,1420
747816857231626240,1193,4968
747844099428986880,768,2880
747885874273214464,1004,3021
747933425676525569,2614,6782
747963614829678593,2203,5912
748220828303695873,8017,14505
748307329658011649,727,3759
748324050481647620,780,3774
748337862848962560,4214,7858
748346686624440324,1262,5344
748568946752774144,684,2244
748575535303884801,2031,6220
748692773788876800,1361,4342
748699167502000129,1641,4863
748705597323898880,972,2838
748932637671223296,2328,5977
748977405889503236,3497,11018
749036806121881602,810,3188
749064354620928000,1562,4916
749075273010798592,2131,5893
749317047558017024,2288,5624
749395845976588288,3548,8823
749403093750648834,551,2692
749417653287129088,1692,6253
749774190421639168,1358,4778
749981277374128128,2521,5247
749996283729883136,842,3146
750011400160841729,934,3319
750026558547456000,809,2779
750041628174217216,640,3258
750056684286914561,923,3239
750071704093859840,3430,8079
750086836815486976,555,2225
750101899009982464,865,3128
750117059602808832,1350,4450
750132105863102464,1331,3727
750147208377409536,986,3195
750381685133418496,29,723
750383411068534784,1184,4681
750429297815552001,4414,13521
750506206503038976,1177,4561
750719632563142656,5188,13547
750868782890057730,1420,4911
751132876104687617,1334,5197
751205363882532864,1882,6493
751251247299190784,6063,12846
751456908746354688,1029,3296
751538714308972544,1301,5184
751583847268179968,1141,4522
751598357617971201,3124,8129
751793661361422336,2985,6016
751830394383790080,2010,5957
751937170840121344,1378,5339
751950017322246144,952,3153
752173152931807232,1888,6102
752309394570878976,16877,0
752334515931054080,1140,3923
752519690950500352,3543,7564
752568224206688256,2356,5680
752660715232722944,1610,4518
752682090207055872,1646,6156
752701944171524096,2962,0
752917284578922496,1630,7095
752932432744185856,7064,12994
753026973505581056,1004,4024
753039830821511168,21600,38185
753294487569522689,1073,3473
753298634498793472,5899,0
753375668877008896,2408,7867
753398408988139520,1972,5941
753420520834629632,3674,8149
753655901052166144,2229,5999
754120377874386944,2429,8083
754449512966619136,751,3862
754482103782404096,2016,5464
754747087846248448,540,2655
754856583969079297,2605,7086
754874841593970688,8186,0
755110668769038337,11449,21857
755206590534418437,5512,16929
755955933503782912,2970,7538
756275833623502848,1580,6611
756288534030475264,18009,44070
756303284449767430,1126,4061
756526248105566208,3711,10711
756651752796094464,1351,5214
756939218950160384,2072,6838
756998049151549440,2047,6473
757354760399941633,1473,4661
757393109802180609,1793,5997
757400162377592832,7069,15594
757596066325864448,1083,4466
757597904299253760,306,0
757611664640446465,1143,4702
757725642876129280,1252,4667
757729163776290825,8283,0
757741869644341248,3363,7081
758041019896193024,385,2784
758099635764359168,10370,19712
758355060040593408,1114,3519
758405701903519748,1977,5354
758467244762497024,2296,4949
758474966123810816,1031,3927
758740312047005698,1659,5902
758828659922702336,3973,11531
758854675097526272,924,3655
759047813560868866,2099,6694
759099523532779520,4310,14957
759159934323924993,1206,0
759197388317847553,2014,6242
759446261539934208,501,1724
759447681597108224,2523,8763
759557299618865152,1221,4848
759566828574212096,21802,0
759793422261743616,1961,6145
759846353224826880,2037,6921
759923798737051648,5862,15129
759943073749200896,2153,6115
760190180481531904,1868,5875
760252756032651264,899,4062
760290219849637889,11910,27655
760521673607086080,1444,4365
760539183865880579,3752,7821
760641137271070720,1333,5120
760656994973933572,1976,6818
760893934457552897,1010,3930
761004547850530816,3602,11686
761227390836215808,1618,5469
761292947749015552,1126,4606
761334018830917632,1503,5359
761371037149827077,18701,0
761599872357261312,1222,4254
761672994376806400,30126,51098
761745352076779520,886,4396
761750502866649088,4066,0
761976711479193600,2076,5567
762035686371364864,16135,32967
762316489655476224,1158,4958
762464539388485633,4333,10634
762471784394268675,6687,11616
762699858130116608,3758,12551
763103485927849985,2360,7587
763167063695355904,3134,0
763183847194451968,1533,5558
763837565564780549,4306,13001
763956972077010945,57,772
764259802650378240,1561,6227
764857477905154048,1833,6654
765222098633691136,3509,12009
765371061932261376,2238,7316
765395769549590528,3503,27386
765669560888528897,1263,5359
765719909049503744,2221,7491
766008592277377025,517,3877
766069199026450432,886,4386
766078092750233600,2718,0
766313316352462849,1952,7015
766423258543644672,1654,6210
766693177336135680,822,4151
766714921925144576,392,2689
766793450729734144,1403,5253
766864461642756096,5862,0
767122157629476866,2964,10484
767191397493538821,3923,12694
767500508068192258,2427,7738
767754930266464257,5584,16577
767884188863397888,1442,4925
768193404517830656,3691,11276
768473857036525572,3560,14111
768554158521745409,6053,0
768596291618299904,1331,5215
768609597686943744,1246,4252
768855141948723200,922,4349
768909767477751808,2792,0
768970937022709760,6764,14905
769212283578875904,1776,5591
769335591808995329,8012,0
769695466921623552,1722,6618
769940425801170949,9946,32482
770069151037685760,2382,7836
770093767776997377,3166,0
770293558247038976,1538,6458
770414278348247044,2171,6529
770655142660169732,1821,7565
770772759874076672,1470,5364
770787852854652928,1251,5112
771004394259247104,224,0
771014301343748096,1713,7122
771102124360998913,1486,6465
771136648247640064,3036,9468
771171053431250945,7816,0
771380798096281600,5297,10864
771500966810099713,2705,8549
771770456517009408,3535,12417
771908950375665664,1976,6809
772102971039580160,967,4147
772114945936949249,485,2809
772117678702071809,768,3904
772152991789019136,1168,3936
772193107915964416,1443,6253
772581559778025472,1755,6729
772615324260794368,3509,0
772826264096874500,2441,8323
772877495989305348,4030,8878
773191612633579521,4299,10353
773247561583001600,3374,9764
773308824254029826,7766,24105
773336787167145985,5297,0
773547596996571136,6409,22914
773670353721753600,1354,5529
773704687002451968,1694,6851
773922284943896577,1817,6633
773985732834758656,4035,11121
774314403806253056,5763,22571
774639387460112384,1794,6967
774757898236878852,1854,8890
775085132600442880,4926,16130
775350846108426240,4065,10546
775364825476165632,3102,7682
775729183532220416,4783,13415
775733305207554048,4149,14354
775842724423557120,2780,12161
775898661951791106,17224,0
776088319444877312,158,1909
776113305656188928,4538,12186
776201521193218049,2622,9971
776218204058357768,16578,31088
776249906839351296,9529,0
776477788987613185,2891,9180
776813020089548800,1264,5072
776819012571455488,14282,0
777189768882946048,4484,14844
777621514455814149,2598,9098
777641927919427584,4414,0
777684233540206592,3062,11646
777885040357281792,1699,6610
777953400541634568,3691,0
778027034220126208,1688,6797
778039087836069888,2750,8810
778286810187399168,3434,10803
778383385161035776,1146,6069
778396591732486144,12762,0
778408200802557953,4529,14176
778624900596654080,1056,4815
778650543019483137,1573,5994
778748913645780993,1375,7164
778764940568104960,381,899
778774459159379968,10370,0
778990705243029504,7540,20796
779056095788752897,4724,15356
779124354206535695,19177,0
779377524342161408,3239,9162
779834332596887552,7388,19679
780074436359819264,5191,12709
780092040432480260,2408,0
780192070812196864,2338,9051
780459368902959104,1121,5498
780476555013349377,119,0
780496263422808064,3864,0
780543529827336192,1810,6548
780601303617732608,3487,12597
780800785462489090,1364,5714
780858289093574656,2096,7476
780931614150983680,7667,22491
781163403222056960,2858,10186
781251288990355457,2180,8770
781308096455073793,2663,7426
781524693396357120,5812,21585
781655249211752448,1174,4162
781661882474196992,2837,10875
781955203444699136,3518,11571
782021823840026624,6490,0
782305867769217024,5830,17331
782598640137187329,1967,8106
782722598790725632,5643,17971
782747134529531904,1465,7780
782969140009107456,7707,25110
783085703974514689,2319,8489
783334639985389568,12233,30366
783347506784731136,5840,0
783391753726550016,5757,17567
783466772167098368,2346,8798
783695101801398276,3360,10876
783821107061198850,2050,7663
783839966405230592,11278,31270
784057939640352768,11652,31062
784183165795655680,8445,20959
784431430411685888,1346,5949
784517518371221505,2659,9336
784826020293709826,3386,10548
785170936622350336,5080,12565
785264754247995392,1710,7551
785515384317313025,1326,6365
785533386513321988,2092,9492
785639753186217984,2332,8154
785872687017132033,1918,6973
785927819176054784,3327,11866
786036967502913536,7388,0
786051337297522688,160,1484
786233965241827333,4999,15932
786286427768250368,2997,8304
786363235746385920,3679,11360
786595970293370880,3270,9813
786664955043049472,2674,11091
786709082849828864,6410,19008
786729988674449408,2523,0
786963064373534720,8353,27743
787111942498508800,7064,0
787322443945877504,1826,8128
787397959788929025,2980,11324
787717603741622272,2916,10675
787810552592695296,3217,9055
788039637453406209,1386,6415
788070120937619456,3602,0
788150585577050112,1359,6399
788178268662984705,2199,7540
788412144018661376,5529,16249
788552643979468800,7571,0
788765914992902144,10834,28621
788908386943430656,13056,28608
789137962068021249,2942,10134
789268448748703744,2725,9516
789280767834746880,5188,0
789314372632018944,2406,9006
789530877013393408,3543,12282
789599242079838210,2019,7061
789628658055020548,1868,7850
789903600034189313,4331,10841
789960241177853952,4333,0
789986466051088384,2434,9653
790227638568808452,3758,0
790277117346975746,3335,13115
790337589677002753,1969,8165
790581949425475584,7544,21574
790698755171364864,2018,8568
790723298204217344,2434,0
790946055508652032,4924,17391
790987426131050500,2239,10301
791026214425268224,4306,0
791312159183634433,2661,9173
791406955684368384,4333,13706
791672322847637504,3286,12265
791774931465953280,23340,47125
791780927877898241,4002,0
791784077045166082,10096,0
791821351946420224,22142,0
792050063153438720,1897,7497
792394556390137856,4508,14034
792773781206999040,1767,7682
792883833364439040,4486,11814
792913359805018113,4183,14985
793120401413079041,4114,13270
793135492858580992,2611,6756
793150605191548928,1791,6462
793165685325201412,2927,9842
793180763617361921,2104,7254
793195938047070209,5918,15962
793210959003287553,2940,9329
793226087023144960,3019,10291
793241302385262592,3450,10988
793256262322548741,8775,20886
793271401113350145,2510,9078
793286476301799424,9661,25710
793500921481273345,2498,11166
793601777308463104,1704,8337
793614319594401792,3286,0
793845145112371200,1967,9634
793962221541933056,5139,17576
794205286408003585,3491,9627
794332329137291264,2797,10002
794355576146903043,10834,0
794926597468000259,2425,10739
794983741416415232,3543,0
795076730285391872,5702,16949
795400264262053889,3037,10536
795464331001561088,24941,51946
796031486298386433,3894,11299
796080075804475393,2435,8838
796116448414461957,2541,9531
796125600683540480,1890,5179
796149749086875649,15042,33770
796177847564038144,15042,0
796387464403357696,4368,11496
796484825502875648,1853,7924
796563435802726400,7667,0
796759840936919040,3217,12389
796865951799083009,2011,8028
796904159865868288,9372,0
797165961484890113,28,234
797236660651966464,6961,20862
797545162159308800,5110,15164
797971864723324932,3277,12142
798209839306514432,2691,10865
798340744599797760,3535,0
798576900688019456,6135,0
798585098161549313,5998,0
798628517273620480,2069,0
798644042770751489,1950,0
798665375516884993,4097,0
798673117451325440,5838,0
798682547630837760,4953,0
798686750113755136,2447,0
798694562394996736,5224,0
798697898615730177,6838,0
798701998996647937,8190,0
798705661114773508,6964,0
798925684722855936,1504,7795
798933969379225600,4717,13705
799063482566066176,2595,8442
799297110730567681,2903,10336
799308762079035393,5763,0
799422933579902976,2023,8412
799757965289017345,2269,8770
799774291445383169,4926,0
800018252395122689,13843,29683
800141422401830912,2687,15992
800188575492947969,4159,0
800388270626521089,2947,11659
800443802682937345,4538,0
800459316964663297,2271,9911
800513324630806528,3155,13715
800751577355128832,2927,11005
800855607700029440,1694,0
800859414831898624,100,718
801115127852503040,2207,8439
801127390143516673,4149,0
801167903437357056,6238,25593
801285448605831168,863,6317
801538201127157760,2170,8563
801854953262350336,249,1851
801958328846974976,1790,8063
802185808107208704,280,0
802239329049477120,2743,9467
802265048156610565,1432,7035
802323869084381190,6134,16916
802572683846291456,2633,9342
802600418706604034,1544,7416
802624713319034886,3062,0
802952499103731712,2106,9415
803276597545603072,2588,10486
803321560782307329,5584,0
803380650405482500,1952,8105
803638050916102144,4336,11438
803692223237865472,7812,0
803773340896923648,2896,10494
804026241225523202,16982,46540
804413760345620481,3386,0
804475857670639616,2117,6397
804738756058218496,4032,14310
805207613751304193,1799,8144
805487436403003392,2662,9169
805520635690676224,1731,6002
805823200554876929,8445,0
805826884734976000,1923,6849
805932879469572096,2012,8636
805958939288408065,5643,0
806219024703037440,1247,6713
806242860592926720,12233,0
806542213899489280,2476,10666
806576416489959424,2042,5083
806620845233815552,5812,0
806629075125202948,36466,78145
807010152071229440,4046,13626
807059379405148160,7707,0
807106840509214720,58344,123706
807621403335917568,3834,15200
808001312164028416,3712,13106
808106460588765185,2318,9147
808134635716833280,6238,0
808344865868283904,21890,44407
808501579447930884,2735,11779
808733504066486276,2277,8263
808838249661788160,3200,10545
809084759137812480,3705,13793
809220051211603969,5897,20772
809448704142938112,1535,7242
809808892968534016,5139,0
809920764300447744,4119,16148
810254108431155201,3525,15308
810284430598270976,11917,36801
810657578271330305,2784,11449
810896069567610880,1860,9411
810984652412424192,1514,5566
811386762094317568,6694,21779
811627233043480576,3248,13308
811647686436880384,779,5832
811744202451197953,1676,7858
811985624773361665,1471,7566
812372279581671427,3848,14264
812466873996607488,2021,8304
812503143955202048,1289,6320
812709060537683968,1497,6899
812781120811126785,2002,7897
813051746834595840,7713,21818
813066809284972545,2046,8301
813081950185472002,2899,10283
813096984823349248,3789,10964
813112105746448384,2886,10740
813127251579564032,3272,12347
813130366689148928,470,4656
813142292504645637,2484,8808
813157409116065792,2322,8082
813172488309972993,2012,9682
813187593374461952,4579,20661
813202720496779264,1886,9590
813217897535406080,7652,19436
813800681631023104,1845,8677
813812741911748608,14646,37883
813910438903693312,1957,9683
813944609378369540,3335,0
814153002265309185,9082,29963
814530161257443328,1941,8998
814578408554463233,6109,0
814638523311648768,2832,11726
814986499976527872,1341,7962
815390420867969024,3986,10773
815639385530101762,1723,8548
815736392542261248,2374,10227
815745968457060357,4333,0
815966073409433600,8853,23289
815990720817401858,1077,5168
816014286006976512,5522,0
816062466425819140,1077,0
816091915477250048,2246,9278
816336735214911488,2037,8941
816450570814898180,8483,31735
816697700272001025,2294,10172
816816676327063552,2137,10412
816829038950027264,4924,0
817056546584727552,1718,8909
817120970343411712,2720,12673
817171292965273600,2113,9083
817181837579653120,8853,0
817415592588222464,1003,5826
817423860136083457,15459,35301
817502432452313088,3537,0
817536400337801217,3120,12241
817777686764523521,2817,11136
817827839487737858,28287,53726
817908911860748288,835,5036
818145370475810820,2692,12747
818259473185828864,2383,11441
818307523543449600,8483,0
818536468981415936,2584,11334
818588835076603904,6409,0
818614493328580609,2686,10221
818627210458333184,7866,23220
818646164899774465,21890,0
819004803107983360,38424,90107
819006400881917954,19752,46907
819015331746349057,19752,0
819015337530290176,38424,0
819227688460238848,7027,23949
819238181065359361,423,2370
819347104292290561,1256,7482
819588359383371776,2063,9965
819711362133872643,3248,13934
819924195358416896,5072,13357
819952236453363712,1236,5522
820013781606658049,1236,0
820078625395449857,6536,20529
820314633777061888,591,3460
820446719150292993,2687,0
820494788566847489,591,0
820690176645140481,3370,12638
820749716845686786,10313,32678
820837357901512704,7027,0
821044531881721856,2377,13100
821107785811234820,2222,9924
821149554670182400,2088,8990
821153421864615936,10,264
821407182352777218,4521,12207
821421320206483457,5830,0
821522889702862852,1844,8303
821765923262631936,1719,8709
821813639212650496,3487,0
821886076407029760,2418,11731
822163064745328640,4999,0
822244816520155136,10297,36216
822462944365645825,15034,29226
822489057087389700,6668,18797
822610361945911296,3066,15292
822647212903690241,6668,0
822859134160621569,2389,13714
822872901745569793,45154,136504
822975315408461824,3585,17872
823269594223824897,10297,0
823322678127919110,4190,16264
823333489516937216,26,720
823581115634085888,2741,13463
823699002998870016,2619,14413
823719002937630720,11652,0
823939628516474880,2813,10982
824025158776213504,617,4960
824297048279236611,4018,15580
824325613288833024,10890,12204
824663926340194305,1806,10426
824775126675836928,3655,15418
824796380199809024,5702,0
825026590719483904,1322,6544
825120256414846976,1322,0
825147591692263424,4714,18903
825535076884762624,17952,53897
825829644528148480,2579,13137
825876512159186944,1948,10775
826115272272650244,3249,16128
826204788643753985,964,5026
826240494070030336,2701,13692
826476773533745153,4368,18994
826598365270007810,2434,10366
826598799820865537,264,5272
826615380357632002,4119,0
826848821049180160,10567,37537
826958653328592898,5202,22224
827199976799354881,2315,10892
827324948884643840,3163,16327
827600520311402496,975,7643
827653905312006145,3108,15936
827933404142436356,5426,20720
828011680017821696,2223,10659
828046555563323392,2959,12117
828361771580813312,176,2270
828372645993398273,3051,12940
828376505180889089,1110,7613
828381636999917570,2297,13000
828408677031882754,1337,7911
828409743546925057,1200,6517
828650029636317184,1405,9798
828708714936930305,11624,37653
828770345708580865,6078,26313
828801551087042563,3525,0
829011960981237760,16858,54613
829141528400556032,7632,25148
829449946868879360,2096,10769
829501995190984704,10981,32663
829861396166877184,2020,12578
829878982036299777,5202,0
830097400375152640,3068,10119
830173239259324417,5897,0
830583320585068544,17347,68766
830956169170665475,1540,8195
831262627380748289,2111,12235
831309418084069378,2533,12068
831315979191906304,1156,6717
831322785565769729,1594,9504
831552930092285952,2375,9233
831650051525054464,1996,7371
831670449226514432,1875,10733
831911600680497154,6717,28407
831926988323639298,34,350
831939777352105988,6332,24638
832032802820481025,4809,18344
832040443403784192,9946,0
832088576586297345,2,65
832215726631055365,9661,0
832215909146226688,6410,0
832273440279240704,2407,11626
832369877331693569,3288,17633
832397543355072512,2283,12255
832636094638288896,2871,16276
832645525019123713,540,3009
832682457690300417,3019,12198
832757312314028032,3726,17278
832769181346996225,39,0
832998151111966721,2276,13639
833124694597443584,4979,20696
833479644947025920,2107,15234
833722901757046785,3313,21285
833732339549220864,221,0
833826103416520705,3871,18468
833863086058651648,2468,13738
834086379323871233,2268,13394
834089966724603904,2193,10300
834167344700198914,3757,16188
834209720923721728,4898,21133
834458053273591808,1729,9858
834477809192075265,10981,0
834574053763584002,2609,14020
834786237630337024,5627,21787
834931633769889797,1693,11091
835152434251116546,3111,22995
835172783151792128,5915,26803
835246439529840640,73,2154
835264098648616962,1745,7909
835297930240217089,3091,16846
835309094223372289,21600,0
835536468978302976,1745,0
835574547218894849,3704,18214
835685285446955009,8353,0
836001077879255040,4371,19543
836260088725786625,4406,21793
836380477523124226,3057,15103
836397794269200385,28287,0
836648853927522308,563,0
836677758902222849,2276,12900
836753516572119041,4766,19733
836989968035819520,2342,13024
837110210464448512,2431,16404
837471256429613056,2331,13082
837482249356513284,449,3923
837820167694528512,8060,34921
838083903487373313,3221,18009
838085839343206401,1,144
838150277551247360,340,1710
838201503651401729,10313,0
838476387338051585,4895,23055
838561493054533637,1363,11150
838831947270979586,11278,0
838916489579200512,35,0
838921590096166913,2107,11387
838952994649550848,4084,20030
839239871831150596,6680,27743
839290600511926273,146,0
839549326359670784,7946,28035
839990271299457024,2338,13691
840268004936019968,5854,19652
840370681858686976,4647,16785
840632337062862849,1795,9157
840696689258311684,997,12505
840698636975636481,2,178
840728873075638272,16492,0
840761248237133825,1795,0
841077006473256960,5421,23274
841314665196081154,4762,16114
841320156043304961,5594,20149
841439858740625411,3756,12887
841680585030541313,7941,26155
841833993020538882,15459,0
842115215311396866,3087,14249
842163532590374912,5898,24878
842535590457499648,3567,18397
842765311967449089,1307,6873
842846295480000512,3694,15488
843235543001513987,6119,21866
843604394117681152,2790,17163
843856843873095681,4700,21796
843981021012017153,2991,15389
844223788422217728,2235,13844
844580511645339650,3176,16732
844973813909606400,3252,15326
844979544864018432,2596,13829
845098359547420673,7766,0
845306882940190720,5460,23654
845397057150107648,1832,7747
845677943972139009,4852,25516
845812042753855489,8825,29662
846042936437604353,2906,16205
846139713627017216,10100,31356
846153765933735936,9169,32064
846505985330044928,3105,14285
846514051647705089,11710,45177
846874817362120707,3961,20334
847116187444137987,3221,21673
847157206088847362,5936,20155
847251039262605312,4333,20694
847606175596138505,3452,18968
847617282490613760,422,7067
847842811428974592,1341,5507
847962785489326080,5144,23743
847971574464610304,434,0
847978865427394560,3288,0
848212111729840128,3077,16484
848213670039564288,740,8271
848324959059550208,4627,24971
848690551926992896,4355,25400
849051919805034497,8541,42693
849336543269576704,1915,11490
849412302885593088,3170,15979
849668094696017920,4979,0
849776966551130114,7650,30691
850019790995546112,4898,20550
850145622816686080,3822,16434
850333567704068097,335,3472
850380195714523136,2626,13155
850753642995093505,9191,31028
851224888060895234,5734,20761
851464819735769094,7071,24330
851591660324737024,3477,16284
851861385021730816,19,0
852189679701164033,1583,11481
852226086759018497,6842,20051
852311364735569921,9914,33166
852553447878664193,3489,16314
852672615818899456,2146,14921
852912242202992640,1820,9060
852936405516943360,1996,0
853299958564483072,3536,15495
853639147608842240,10039,34716
853760880890318849,5714,28529
854010172552949760,3134,16143
854120357044912130,7436,31863
854365224396361728,4652,18790
854482394044301312,6828,29151
854732716440526848,5997,22685
855138241867124737,44,0
855245323840757760,5898,0
855459453768019968,8116,29651
855818117272018944,5350,26424
855851453814013952,17690,45192
855857698524602368,2086,11760
855860136149123072,985,4943
855862651834028034,25,342
856282028240666624,6189,27483
856288084350160898,15,510
856330835276025856,655,0
856526610513747968,1848,11742
856543823941562368,2830,16108
857029823797047296,3928,18684
857062103051644929,168,0
857214891891077121,17,225
857263160327368704,4425,19781
857393404942143489,1609,5813
857746408056729600,10398,33768
857989990357356544,2538,15891
858107933456039936,2852,15496
858471635011153920,4739,21165
858843525470990336,3419,15314
858860390427611136,7946,0
859074603037188101,13291,33335
859196978902773760,29399,88376
859607811541651456,1526,18270
859851578198683649,3419,15148
859924526012018688,3986,19225
860177593139703809,30126,0
860184849394610176,5688,16369
860276583193509888,3394,18002
860524505164394496,5150,23203
860563773140209665,2089,7368
860924035999428608,787,0
860981674716409858,2089,0
861005113778896900,3704,16369
861288531465048066,4015,16858
861383897657036800,10377,35360
862096992088072192,22450,72792
862457590147678208,4784,20041
862722525377298433,3421,16701
862831371563274240,4974,18753
863062471531167744,2349,8294
863079547188785154,1067,8578
863427515083354112,92,2178
863432100342583297,5062,23274
863471782782697472,2349,0
863553081350529029,4036,14929
863907417377173506,3984,20117
864197398364647424,8556,29330
864279568663928832,2911,14242
864873206498414592,8379,31469
865006731092295680,7393,27307
865359393868664832,4805,25789
865718153858494464,5400,24995
866094527597207552,8060,0
866334964761202691,13749,51067
866450705531457537,33862,119009
866686824827068416,3331,18750
866720684873056260,4606,19498
867051520902168576,7546,31333
867072653475098625,116,0
867421006826221569,2378,15647
867774946302451713,7035,32992
867900495410671616,4002,23502
868552278524837888,1987,9802
868622495443632128,5067,25906
868639477480148993,1987,0
868880397819494401,13789,63462
869227993411051520,3609,19783
869596645499047938,2989,15479
869702957897576449,6017,27332
869772420881756160,9603,41116
870063196459192321,7916,35409
870308999962521604,3954,21152
870374049280663552,25136,80119
870656317836468226,2504,11972
870726314365509632,3,118
870804317367881728,5882,32486
871032628920680449,3622,21919
871102520638267392,5232,20221
871166179821445120,5421,0
871515927908634625,3285,19455
871762521631449091,3294,19529
871879754684805121,10465,36433
872122724285648897,7676,33153
872486979161796608,8533,39214
872620804844003328,3461,19973
872820683541237760,3503,14183
872967104147763200,5110,26259
873213775632977920,1503,6925
873337748698140672,1503,0
873580283840344065,3711,23291
874012996292530176,9725,33154
874057562936811520,3734,21833
874296783580663808,3882,25035
874434818259525634,13749,0
874680097055178752,4363,26742
875021211251597312,4451,24465
875097192612077568,5719,26373
875144289856114688,4635,21058
875747767867523072,4007,24191
876120275196170240,4387,26832
876484053909872640,2238,18024
876537666061221889,4393,22643
876838120628539392,3133,19886
877201837425926144,5247,26020
877316821321428993,4865,26298
877556246731214848,3573,21794
877611172832227328,74,0
877736472329191424,17853,76290
878057613040115712,6379,40369
878281511006478336,1206,7407
878316110768087041,6263,0
878404777348136964,1206,0
878604707211726852,6707,28957
878776093423087618,3849,18590
879008229531029506,2521,18207
879050749262655488,4388,21611
879130579576475649,6379,0
879376492567855104,2931,16125
879415818425184262,41593,101532
879492040517615616,2980,22488
879674319642796034,10,300
879862464715927552,3274,21422
880095782870896641,4063,26492
880221127280381952,3935,25877
880465832366813184,5844,27331
880872448815771648,3580,20412
880935762899988482,2613,16323
881268444196462592,4909,22214
881536004380872706,14948,47368
881633300179243008,7,121
881666595344535552,10006,48550
881906580714921986,3180,23301
882045870035918850,4587,28099
882268110199369728,10858,43025
882627270321602560,5676,26778
882762694511734784,4585,27094
882992080364220416,3649,22902
883117836046086144,6222,35576
883360690899218434,3466,21719
883482846933004288,9261,43992
883838122936631299,3228,20937
884162670584377345,2789,19518
884247878851493888,19036,69816
884441805382717440,5319,25898
884562892145688576,4409,23286
884876753390489601,5241,26707
884925521741709313,16965,74029
885167619883638784,4091,20992
885311592912609280,17347,0
885518971528720385,3489,19609
885528943205470208,5989,34461
885984800019947520,6314,31242
886054160059072513,101,0
886258384151887873,5903,26789
886267009285017600,4,115
886366144734445568,2981,20274
886680336477933568,4169,21487
886736880519319552,3031,11516
886983233522544640,7177,33588
887101392804085760,5570,29299
887343217045368832,9782,32264
887473957103951883,16877,65977
887517139158093824,10975,44395
887705289381826560,5037,28951
888078434458587136,3250,20851
888554962724278272,3282,18962
888804989199671297,3982,24497
888917238123831296,4203,27891
889278841981685760,5010,24146
889531135344209921,2111,14487
889638837579907072,4214,25948
889665388333682689,9384,46038
889880896479866881,4667,26705
890006608113172480,6853,29421
890240255349198849,6878,30562
890609185150312448,4006,26693
890729181411237888,17645,62485
890971913173991426,1925,11314
891087950875897856,2905,19397
891327558926688256,8746,38591
891689557279858688,8062,40373
891815181378084864,3879,24002
892177421306343426,5876,31881
892420643555336193,7909,37045
