tweet_id,rating_numerator,rating_denominator,name,age_category
892420643555336193,13,10,Phineas,
892177421306343426,13,10,Tilly,
891815181378084864,12,10,Archie,
891689557279858688,13,10,Darla,
891327558926688256,12,10,Franklin,
891087950875897856,13,10,,
890971913173991426,13,10,Jax,
890729181411237888,13,10,,
890609185150312448,13,10,Zoey,
890240255349198849,14,10,Cassie,doggo
890006608113172480,13,10,Koda,
889880896479866881,13,10,Bruno,
889665388333682689,13,10,,puppo
889638837579907072,12,10,Ted,
889531135344209921,13,10,Stuart,puppo
889278841981685760,13,10,Oliver,
888917238123831296,12,10,Jim,
888804989199671297,13,10,Zeke,
888554962724278272,13,10,Ralphus,
888202515573088257,13,10,Canela,
888078434458587136,12,10,Gerald,
887705289381826560,13,10,Jeffrey,
887517139158093824,14,10,Such,
887473957103951883,13,10,Canela,
887343217045368832,13,10,,
887101392804085760,12,10,,
886983233522544640,13,10,Maya,
886736880519319552,13,10,Mingus,
886680336477933568,13,10,Derek,
886366144734445568,12,10,Roscoe,pupper
886267009285017600,12,10,,
886258384151887873,13,10,Waffles,
886054160059072513,12,10,,
885984800019947520,12,10,Jimbo,
885528943205470208,13,10,Maisey,
885518971528720385,14,10,,
885311592912609280,13,10,Lilly,
885167619883638784,13,10,,
884925521741709313,12,10,Earl,
884876753390489601,13,10,Lola,
884562892145688576,13,10,Kevin,
884441805382717440,14,10,,
884247878851493888,13,10,,
884162670584377345,12,10,Yogi,doggo
883838122936631299,12,10,Noah,
883482846933004288,5,10,Bella,
883360690899218434,13,10,Grizzwald,floofer
883117836046086144,13,10,,
882992080364220416,13,10,Rusty,
882762694511734784,12,10,Gus,pupper
882627270321602560,13,10,Stanley,
882268110199369728,13,10,Alfy,
882045870035918850,13,10,Koko,
881906580714921986,12,10,Rey,
881666595344535552,13,10,Gary,
881633300179243008,17,10,,
881536004380872706,14,10,,pupper
881268444196462592,12,10,Elliot,
880935762899988482,13,10,Louis,
880872448815771648,12,10,,
880465832366813184,12,10,Bella,
880221127280381952,12,10,Jesse,
880095782870896641,11,10,,
879862464715927552,13,10,Romeo,
879674319642796034,14,10,,
879492040517615616,12,10,Bailey,
879415818425184262,13,10,Duddles,
879376492567855104,12,10,Jack,
879130579576475649,14,10,Emmy,
879050749262655488,11,10,Steven,
879008229531029506,13,10,Beau,
878776093423087618,13,10,Snoopy,puppo
878604707211726852,13,10,,
878404777348136964,13,10,Shadow,
878316110768087041,11,10,Terrance,
878281511006478336,13,10,Shadow,
878057613040115712,14,10,Emmy,
877736472329191424,13,10,Aja,
877611172832227328,14,10,,pupper
877556246731214848,12,10,Penny,
877316821321428993,13,10,Dante,
877201837425926144,12,10,Nelly,
876838120628539392,12,10,Ginger,pupper
876537666061221889,14,10,,
876484053909872640,13,10,Benedict,
876120275196170240,13,10,Venti,
875747767867523072,13,10,Goose,
875144289856114688,13,10,Nugget,
875097192612077568,13,10,,
875021211251597312,12,10,,
874680097055178752,12,10,Cash,
874434818259525634,12,10,Coco,
874296783580663808,13,10,Jed,pupper
874057562936811520,12,10,,
874012996292530176,13,10,Sebastian,puppo
873697596434513921,14,10,Walter,
873580283840344065,13,10,,
873337748698140672,12,10,Sierra,pupper
873213775632977920,12,10,Sierra,pupper
872967104147763200,12,10,,doggo
872820683541237760,13,10,,
872668790621863937,14,10,,
872620804844003328,13,10,Monkey,
872486979161796608,12,10,,
872261713294495745,13,10,Harry,
872122724285648897,12,10,Kody,
871879754684805121,13,10,Lassie,
871762521631449091,12,10,Rover,pupper
871515927908634625,12,10,Napolean,doggo
871166179821445120,12,10,Dawn,
871102520638267392,14,10,,doggo
871032628920680449,13,10,Boomer,
870804317367881728,11,10,,
870726314365509632,10,10,,
870656317836468226,13,10,Cody,
870374049280663552,13,10,Zoey,
870308999962521604,13,10,Rumble,
870063196459192321,14,10,Clifford,
869988702071779329,12,10,,
869772420881756160,13,10,Dewey,
869702957897576449,13,10,Stanley,
869596645499047938,12,10,Scout,doggo
869227993411051520,13,10,Gizmo,
868880397819494401,14,10,Walter,
868639477480148993,12,10,Cooper,
868622495443632128,13,10,,
868552278524837888,12,10,Cooper,
867900495410671616,12,10,,
867774946302451713,13,10,Harold,
867421006826221569,12,10,Shikha,puppo
867072653475098625,13,10,,
867051520902168576,13,10,,
866816280283807744,13,10,Jamesy,pupper
866720684873056260,13,10,,
866686824827068416,12,10,Lili,
866450705531457537,13,10,Jamesy,pupper
866334964761202691,12,10,Coco,
866094527597207552,12,10,,pupper
865718153858494464,13,10,Boomer,
865359393868664832,13,10,Sammy,
865006731092295680,13,10,Nelly,
864873206498414592,14,10,,
864279568663928832,12,10,Meatball,
864197398364647424,13,10,Paisley,
863907417377173506,13,10,Albus,
863553081350529029,13,10,Neptune,
863471782782697472,13,10,Quinn,
863432100342583297,12,10,Belle,
863427515083354112,12,10,,
863079547188785154,14,10,,
863062471531167744,13,10,Quinn,
862831371563274240,13,10,Zooey,
862722525377298433,11,10,Dave,
862457590147678208,13,10,Jersey,
862096992088072192,13,10,,
861769973181624320,13,10,,
861383897657036800,13,10,Hobbes,
861288531465048066,13,10,,
861005113778896900,12,10,Burt,
860981674716409858,13,10,Lorenzo,
860924035999428608,13,10,,
860563773140209665,13,10,Lorenzo,
860524505164394496,13,10,Carl,
860276583193509888,12,10,Jordy,
860184849394610176,14,10,,
860177593139703809,10,10,,
859924526012018688,12,10,Milky,
859851578198683649,13,10,Trooper,
859607811541651456,13,10,,puppo
859196978902773760,12,10,,
859074603037188101,13,10,,
858860390427611136,12,10,Winston,
858843525470990336,13,10,,doggo
858471635011153920,13,10,Sophie,
858107933456039936,12,10,Wyatt,
857989990357356544,12,10,Rosie,
857746408056729600,13,10,Thor,
857393404942143489,13,10,,
857263160327368704,13,10,Oscar,
857214891891077121,12,10,,
857062103051644929,13,10,,
857029823797047296,12,10,Zeke,
856602993587888130,13,10,Luna,
856543823941562368,12,10,Callie,
856526610513747968,14,10,,
856330835276025856,14,10,,
856288084350160898,14,10,,
856282028240666624,14,10,Cermet,
855862651834028034,420,10,,
855860136149123072,666,10,,
855857698524602368,13,10,,
855818117272018944,13,10,,
855459453768019968,12,10,,
855245323840757760,12,10,George,
855138241867124737,14,10,,
854732716440526848,12,10,Marlee,
854482394044301312,13,10,Arya,
854365224396361728,13,10,Einstein,
854120357044912130,14,10,,pupper
853760880890318849,12,10,Alice,
853639147608842240,13,10,,
853299958564483072,13,10,Rumpole,
852936405516943360,13,10,,
852912242202992640,12,10,Benny,
852672615818899456,12,10,Aspen,
852553447878664193,13,10,Jarod,
852311364735569921,13,10,Wiggles,
852226086759018497,14,10,General,
852189679701164033,12,10,Sailor,
851953902622658560,13,10,Astrid,doggo
851861385021730816,10,10,,
851591660324737024,11,10,,
851464819735769094,14,10,Iggy,
851224888060895234,13,10,Snoop,
850753642995093505,11,10,Kyle,
850380195714523136,13,10,Leo,
850333567704068097,13,10,,
850145622816686080,11,10,Riley,
850019790995546112,12,10,Boomer,pupper
849776966551130114,12,10,,
849668094696017920,12,10,Gidget,pupper
849412302885593088,12,10,Noosh,
849336543269576704,11,10,,
849051919805034497,13,10,Kevin,
848690551926992896,12,10,,
848324959059550208,12,10,Odin,
848213670039564288,11,10,,
848212111729840128,6,10,Jerry,
847978865427394560,11,10,Charlie,
847971574464610304,13,10,,
847962785489326080,10,10,Georgie,
847842811428974592,12,10,Rontu,
847617282490613760,13,10,,
847606175596138505,12,10,Cannon,
847251039262605312,12,10,Furzey,
847157206088847362,11,10,Daisy,
847116187444137987,11,10,,
846874817362120707,13,10,Tuck,
846514051647705089,13,10,Barney,doggo
846505985330044928,11,10,,
846153765933735936,13,10,Vixen,
846139713627017216,13,10,,
846042936437604353,12,10,Jarvis,
845812042753855489,13,10,,
845677943972139009,12,10,,
845459076796616705,12,10,,
845397057150107648,13,10,Mimosa,doggo
845306882940190720,12,10,Pickles,pupper
845098359547420673,12,10,Bungalo,
844979544864018432,13,10,,
844973813909606400,12,10,Brady,
844704788403113984,13,10,Luna,
844580511645339650,11,10,Charlie,
844223788422217728,12,10,Margo,
843981021012017153,13,10,,
843856843873095681,12,10,Sadie,
843604394117681152,11,10,Hank,
843235543001513987,13,10,Tycho,
842892208864923648,13,10,Stephan,
842846295480000512,13,10,Charlie,
842765311967449089,12,10,Indie,
842535590457499648,13,10,Winnie,
842163532590374912,12,10,George,
842115215311396866,12,10,Bentley,
841833993020538882,13,10,Ken,
841680585030541313,12,10,Penny,
841439858740625411,14,10,,
841320156043304961,12,10,,
841314665196081154,13,10,Max,
841077006473256960,12,10,Dawn,
840761248237133825,12,10,Maddie,
840728873075638272,12,10,Pipsy,
840698636975636481,10,10,,
840696689258311684,10,10,,
840632337062862849,12,10,Maddie,
840370681858686976,13,10,,
840268004936019968,12,10,Monty,
839990271299457024,13,10,Sojourner,
839549326359670784,12,10,Winston,
839290600511926273,10,10,,pupper
839239871831150596,13,10,Odie,
838952994649550848,13,10,,
838921590096166913,13,10,Arlo,
838916489579200512,15,10,,
838831947270979586,13,10,Riley,
838561493054533637,13,10,Walter,
838476387338051585,13,10,Stanley,
838201503651401729,13,10,Sunny,
838150277551247360,182,10,,
838085839343206401,15,10,,
838083903487373313,13,10,Daisy,
837820167694528512,12,10,,pupper
837482249356513284,13,10,Waffles,
837471256429613056,12,10,Vincent,
837366284874571778,13,10,Lucy,
837110210464448512,13,10,Clark,pupper
837012587749474308,14,10,,
836989968035819520,12,10,Mookie,
836753516572119041,12,10,Meera,doggo
836677758902222849,11,10,Oliver,
836648853927522308,11,10,,
836397794269200385,13,10,Buddy,
836380477523124226,12,10,Ava,pupper
836260088725786625,13,10,Lucy,
836001077879255040,13,10,,
835685285446955009,12,10,Rory,
835574547218894849,11,10,Eli,
835536468978302976,12,10,Lola,
835309094223372289,13,10,,
835297930240217089,12,10,Ash,
835264098648616962,12,10,Lola,
835172783151792128,12,10,,
835152434251116546,0,10,,
834931633769889797,12,10,Tucker,
834786237630337024,13,10,Tobi,
834574053763584002,13,10,,doggo
834477809192075265,12,10,Leo,
834458053273591808,12,10,Chester,
834209720923721728,12,10,Wilson,
834167344700198914,11,10,Sunshine,
834089966724603904,10,10,,doggo
834086379323871233,12,10,Lipton,
833863086058651648,12,10,Bentley,
833826103416520705,13,10,Charlie,
833732339549220864,12,10,Gabby,
833722901757046785,13,10,Bronte,
833479644947025920,13,10,Poppy,
833124694597443584,12,10,Gidget,pupper
832998151111966721,13,10,Rhino,doggo
832769181346996225,12,10,,
832757312314028032,13,10,Willow,
832682457690300417,13,10,,
832645525019123713,10,10,,
832636094638288896,12,10,Orion,
832397543355072512,12,10,Eevee,
832369877331693569,11,10,Charlie,
832273440279240704,14,10,Smiley,doggo
832215909146226688,75,10,Logan,
832215726631055365,13,10,Moreton,
832040443403784192,12,10,Klein,
832032802820481025,12,10,Miguel,doggo
831939777352105988,12,10,Emanuel,doggo
831926988323639298,12,10,,
831911600680497154,14,10,Kuyu,
831670449226514432,13,10,Daisy,
831650051525054464,13,10,,
831552930092285952,13,10,Dutch,
831322785565769729,12,10,Pete,doggo
831315979191906304,13,10,,pupper
831309418084069378,12,10,Scooter,
831262627380748289,12,10,Tucker,
830956169170665475,12,10,Reggie,
830583320585068544,13,10,Lilly,
830173239259324417,12,10,Kyro,
830097400375152640,13,10,Samson,
829878982036299777,12,10,Loki,doggo
829861396166877184,12,10,Mia,
829501995190984704,12,10,Leo,
829449946868879360,11,10,,doggo
829374341691346946,13,10,Astrid,doggo
829141528400556032,12,10,Malcolm,
829011960981237760,13,10,Dexter,
828801551087042563,12,10,Gus,
828770345708580865,13,10,Alfie,
828708714936930305,10,10,Fiona,
828650029636317184,14,10,,
828409743546925057,12,10,Mutt,
828408677031882754,12,10,Bear,
828381636999917570,14,10,Doobert,doggo
828376505180889089,13,10,Beebop,
828372645993398273,12,10,Alexander,
828361771580813312,12,10,,
828046555563323392,13,10,Sailer,
828011680017821696,11,10,Brutus,
827933404142436356,12,10,Kona,pupper
827653905312006145,12,10,Boots,
827600520311402496,13,10,Tucker,
827324948884643840,12,10,Ralphie,
827228250799742977,12,10,Phil,
827199976799354881,13,10,Charlie,
826958653328592898,12,10,Loki,doggo
826848821049180160,13,10,Cupid,doggo
826615380357632002,10,10,,
826598799820865537,7,10,,
826598365270007810,13,10,Pawnd,
826476773533745153,12,10,Pilot,doggo
826240494070030336,11,10,,
826204788643753985,13,10,,doggo
826115272272650244,13,10,Ike,
825876512159186944,11,10,Mo,
825829644528148480,12,10,Toby,
825535076884762624,14,10,,puppo
825147591692263424,13,10,Sweet,
825120256414846976,12,10,Pablo,puppo
825026590719483904,12,10,Pablo,puppo
824796380199809024,11,10,Bailey,
824775126675836928,12,10,Scooter,
824663926340194305,13,10,Wilson,
824325613288833024,13,10,,pupper
824297048279236611,11,10,Nala,
824025158776213504,14,10,,
823939628516474880,12,10,Cash,
823719002937630720,12,10,Balto,
823699002998870016,12,10,Winston,
823581115634085888,11,10,Crawford,
823333489516937216,13,10,,
823322678127919110,11,10,Wyatt,
823269594223824897,11,10,,
822975315408461824,12,10,Albus,
822872901745569793,13,10,,puppo
822859134160621569,12,10,Hobbes,
822647212903690241,13,10,Paisley,
822610361945911296,12,10,,
822489057087389700,13,10,Paisley,
822462944365645825,14,10,Gabe,pupper
822244816520155136,11,10,,
822163064745328640,11,10,Mattie,
821886076407029760,13,10,Jimison,
821813639212650496,12,10,Hercules,
821765923262631936,13,10,Duchess,doggo
821522889702862852,13,10,Harlso,
821421320206483457,12,10,Sampson,doggo
821407182352777218,14,10,Sundance,doggo
821153421864615936,13,10,,
821149554670182400,12,10,Luca,
821107785811234820,11,10,,doggo
821044531881721856,12,10,Flash,
820837357901512704,12,10,Finn,
820749716845686786,13,10,Sunny,
820494788566847489,14,10,,
820446719150292993,13,10,Peaches,
820314633777061888,14,10,,
820078625395449857,12,10,,
820013781606658049,13,10,Oliver,puppo
819952236453363712,13,10,Oliver,puppo
819924195358416896,11,10,,doggo
819711362133872643,11,10,Howie,
819588359383371776,13,10,Jazzy,
819347104292290561,12,10,Anna,
819238181065359361,10,10,,pupper
819227688460238848,12,10,Finn,
819015337530290176,14,10,Bo,doggo
819015331746349057,14,10,Sunny,doggo
819006400881917954,14,10,Sunny,doggo
819004803107983360,14,10,Bo,doggo
818646164899774465,11,10,Seamus,
818627210458333184,13,10,Wafer,
818614493328580609,12,10,Bear,
818588835076603904,11,10,Chelsea,pupper
818536468981415936,11,10,Tom,
818307523543449600,13,10,Moose,
818259473185828864,12,10,Florence,
818145370475810820,11,10,Autumn,
817908911860748288,12,10,,
817827839487737858,13,10,Buddy,
817536400337801217,12,10,Eugene,
817502432452313088,7,10,Herschel,pupper
817423860136083457,13,10,Ken,
817415592588222464,11,10,Strudel,
817181837579653120,13,10,,pupper
817171292965273600,13,10,Tebow,
817120970343411712,13,10,,
817056546584727552,11,10,Chloe,
816829038950027264,12,10,Betty,puppo
816816676327063552,12,10,Timber,
816697700272001025,12,10,Binky,
816450570814898180,13,10,Moose,
816336735214911488,11,10,Dudley,
816091915477250048,12,10,Comet,
816062466425819140,11,10,Jack,
816014286006976512,11,10,Larry,
815990720817401858,11,10,Jack,
815966073409433600,13,10,,pupper
815745968457060357,12,10,Levi,
815736392542261248,11,10,Akumi,
815639385530101762,12,10,Titan,
815390420867969024,13,10,,
814986499976527872,11,10,Cooper,pupper
814638523311648768,12,10,Olivia,
814578408554463233,9,10,Beau,
814530161257443328,12,10,Alf,
814153002265309185,12,10,Oshie,
813944609378369540,11,10,Bruce,
813910438903693312,11,10,Chubbs,doggo
813812741911748608,14,10,Gary,
813800681631023104,12,10,Sky,
813217897535406080,13,10,Atlas,
813202720496779264,11,10,,doggo
813187593374461952,13,10,,
813172488309972993,12,10,Eleanor,
813157409116065792,12,10,Layla,
813142292504645637,13,10,,
813130366689148928,12,10,,
813127251579564032,11,10,,doggo
813112105746448384,12,10,Toby,
813096984823349248,11,10,Rocky,doggo
813081950185472002,11,10,Baron,
813066809284972545,12,10,Tyr,
813051746834595840,13,10,Bauer,
812781120811126785,10,10,Swagger,
812747805718642688,10,10,Sammy,
812709060537683968,12,10,Brandi,
812503143955202048,13,10,,
812466873996607488,12,10,Mary,
812372279581671427,13,10,Moe,
811985624773361665,11,10,Ted,
811744202451197953,13,10,Halo,
811647686436880384,11,10,,
811627233043480576,10,10,Augie,
811386762094317568,11,10,Craig,pupper
810896069567610880,11,10,Hunter,
810657578271330305,11,10,Pavlov,
810284430598270976,13,10,Phil,
810254108431155201,12,10,Gus,
809920764300447744,10,10,,
809808892968534016,12,10,Maximus,
809448704142938112,12,10,,
809220051211603969,12,10,Kyro,
809084759137812480,11,10,Wallace,
808838249661788160,13,10,Ito,
808733504066486276,12,10,,pupper
808501579447930884,12,10,Koda,
808344865868283904,11,10,Seamus,
808134635716833280,13,10,Milo,
808001312164028416,12,10,Cooper,
807621403335917568,14,10,Ollie,pupper
807106840509214720,13,10,Stephan,
807059379405148160,12,10,Cali,
807010152071229440,12,10,Lennon,
806629075125202948,13,10,,
806620845233815552,12,10,,
806576416489959424,13,10,,
806542213899489280,11,10,Waffles,
806242860592926720,12,10,Dave,
806219024703037440,11,10,Incredibly,
805958939288408065,10,10,Penny,
805932879469572096,12,10,Major,
805826884734976000,12,10,Duke,
805823200554876929,12,10,Reginald,puppo
805520635690676224,13,10,Zeke,
805487436403003392,12,10,Sansa,
805207613751304193,12,10,Shooter,
804738756058218496,12,10,Django,
804475857670639616,13,10,,
804413760345620481,13,10,Rusty,
804026241225523202,13,10,Bo,
803773340896923648,12,10,Diogi,puppo
803692223237865472,13,10,,
803638050916102144,13,10,,pupper
803380650405482500,12,10,Sonny,
803321560782307329,11,10,Philbert,
803276597545603072,11,10,Winston,
802952499103731712,12,10,Marley,
802624713319034886,12,10,,
802600418706604034,11,10,Bailey,
802572683846291456,12,10,Winnie,
802323869084381190,13,10,Severus,
802247111496568832,13,10,,
802239329049477120,12,10,Loki,puppo
802185808107208704,13,10,,
801958328846974976,12,10,Ronnie,
801854953262350336,11,10,,
801538201127157760,12,10,Wallace,
801285448605831168,10,10,,
801167903437357056,13,10,Milo,
801127390143516673,11,10,Anakin,doggo
800859414831898624,11,10,,doggo
800855607700029440,11,10,,
800751577355128832,12,10,Mauve,
800513324630806528,11,10,Chef,
800459316964663297,12,10,,pupper
800443802682937345,11,10,Sampson,pupper
800388270626521089,12,10,Doc,floofer
800188575492947969,11,10,Bo,pupper
800141422401830912,13,10,Peaches,
800018252395122689,11,10,,doggo
799774291445383169,13,10,Tucker,
799757965289017345,13,10,Sobe,doggo
799422933579902976,12,10,Longfellow,
799308762079035393,14,10,,
799297110730567681,11,10,Jeffrey,
799063482566066176,11,10,Mister,
798933969379225600,12,10,Iroh,
798925684722855936,11,10,Shadow,
798705661114773508,11,10,Baloo,pupper
798701998996647937,10,10,,
798697898615730177,10,10,Stubert,
798694562394996736,12,10,,
798686750113755136,11,10,Jack,
798682547630837760,8,10,,pupper
798673117451325440,13,10,,
798665375516884993,10,10,Lola,
798644042770751489,10,10,Paull,
798628517273620480,12,10,,
798585098161549313,10,10,Timison,
798576900688019456,1,10,,
798340744599797760,11,10,Davey,
798209839306514432,13,10,Cooper,
797971864723324932,12,10,,pupper
797545162159308800,12,10,Cassie,
797236660651966464,12,10,Pancake,
797165961484890113,11,10,,
796904159865868288,11,10,Tyrone,
796865951799083009,12,10,Tyr,
796759840936919040,11,10,Romeo,
796563435802726400,13,10,,puppo
796484825502875648,12,10,,doggo
796387464403357696,12,10,Snicku,
796177847564038144,11,10,Ruby,
796149749086875649,11,10,Ruby,
796125600683540480,13,10,,
796116448414461957,11,10,,
796080075804475393,12,10,Yogi,
796031486298386433,13,10,Daisy,
795464331001561088,13,10,,doggo
795400264262053889,12,10,Brody,
795076730285391872,11,10,Bailey,
794983741416415232,12,10,Rizzy,
794926597468000259,12,10,Mack,
794355576146903043,12,10,Butter,
794332329137291264,12,10,Nimbus,
794205286408003585,14,10,Laika,pupper
793962221541933056,12,10,Maximus,
793845145112371200,13,10,Clark,
793614319594401792,13,10,,
793601777308463104,12,10,Dobby,
793500921481273345,12,10,Fiona,
793286476301799424,13,10,Moreton,
793271401113350145,12,10,Dave,
793256262322548741,12,10,,
793241302385262592,13,10,Tucker,
793226087023144960,11,10,Juno,
793210959003287553,10,10,Maude,
793195938047070209,12,10,Lily,puppo
793180763617361921,11,10,Newt,
793165685325201412,12,10,Benji,
793150605191548928,11,10,Nida,
793135492858580992,13,10,,
793120401413079041,11,10,Robin,
792913359805018113,13,10,,
792883833364439040,12,10,Bailey,
792773781206999040,12,10,Monster,
792394556390137856,12,10,Bebe,
792050063153438720,11,10,Remus,
791821351946420224,13,10,,pupper
791784077045166082,12,10,,
791780927877898241,11,10,Maddie,
791774931465953280,14,10,,
791672322847637504,13,10,,
791406955684368384,12,10,Levi,
791312159183634433,12,10,Mabel,
791026214425268224,11,10,Alfie,
790987426131050500,12,10,Misty,
790946055508652032,12,10,Betty,puppo
790723298204217344,12,10,Happy,
790698755171364864,12,10,Mosby,
790581949425475584,11,10,Duke,
790337589677002753,12,10,Maggie,
790277117346975746,11,10,Bruce,
790227638568808452,11,10,Leela,
789986466051088384,12,10,Happy,
789960241177853952,12,10,Buddy,
789903600034189313,13,10,Ralphy,pupper
789628658055020548,13,10,Eli,
789599242079838210,12,10,Brownie,
789530877013393408,12,10,Rizzy,
789314372632018944,13,10,,
789280767834746880,12,10,Meyer,
789268448748703744,10,10,Stella,
789137962068021249,12,10,Bo,
788908386943430656,11,10,Lucy,
788765914992902144,12,10,Butter,
788552643979468800,13,10,,pupper
788412144018661376,11,10,Dexter,
788178268662984705,13,10,,
788150585577050112,13,10,Leo,
788070120937619456,11,10,Bo,
788039637453406209,12,10,,
787810552592695296,11,10,Frank,
787717603741622272,13,10,Tonks,puppo
787397959788929025,11,10,Moose,
787322443945877504,10,10,Lincoln,
787111942498508800,12,10,Carl,
786963064373534720,12,10,Rory,
786729988674449408,11,10,Oakley,
786709082849828864,75,10,Logan,
786664955043049472,12,10,,
786595970293370880,11,10,Dale,
786363235746385920,13,10,Rizzo,doggo
786286427768250368,12,10,Arnie,
786233965241827333,11,10,Mattie,
786051337297522688,13,10,,puppo
786036967502913536,11,10,Scout,
785927819176054784,12,10,Lucy,
785872687017132033,12,10,Rusty,
785533386513321988,11,10,Dallas,
785515384317313025,10,10,,
785264754247995392,12,10,Doc,
785170936622350336,11,10,Hero,
784826020293709826,13,10,Rusty,
784517518371221505,11,10,Frankie,
784431430411685888,12,10,Stormy,
784183165795655680,12,10,Reginald,puppo
784057939640352768,12,10,Balto,
783839966405230592,13,10,Riley,
783821107061198850,12,10,Mairi,
783695101801398276,12,10,Loomis,
783466772167098368,11,10,Finn,
783391753726550016,13,10,Godi,
783347506784731136,11,10,Kenny,
783334639985389568,12,10,Dave,
783085703974514689,11,10,Earl,
782969140009107456,12,10,Cali,
782747134529531904,11,10,Deacon,doggo
782722598790725632,10,10,Penny,
782598640137187329,11,10,Timmy,
782305867769217024,12,10,Sampson,doggo
782021823840026624,12,10,Harper,
781955203444699136,11,10,Chipson,
781661882474196992,5,10,,
781655249211752448,11,10,Combo,doggo
781524693396357120,12,10,,
781251288990355457,11,10,Oakley,
781163403222056960,10,10,,
780931614150983680,13,10,,puppo
780858289093574656,10,10,Dash,
780800785462489090,11,10,Koda,
780601303617732608,12,10,Hercules,
780543529827336192,12,10,,
780496263422808064,12,10,Bell,
780476555013349377,12,10,,
780459368902959104,11,10,Bear,
780192070812196864,11,10,,
780092040432480260,8,10,Hank,
780074436359819264,10,10,,doggo
779834332596887552,11,10,Scout,
779377524342161408,12,10,,pupper
779124354206535695,11,10,Hurley,
779123168116150273,12,10,Reggie,
779056095788752897,13,10,,
778990705243029504,11,10,Jay,
778774459159379968,13,10,,
778764940568104960,13,10,,
778748913645780993,11,10,Mya,
778650543019483137,10,10,Strider,
778624900596654080,11,10,Penny,
778408200802557953,14,10,,
778396591732486144,10,10,,
778383385161035776,13,10,Nala,
778286810187399168,11,10,Stanley,
778039087836069888,12,10,,pupper
778027034220126208,27,10,Sophie,pupper
777953400541634568,8,10,Gerald,doggo
777885040357281792,3,10,Wesley,
777684233540206592,12,10,,
777641927919427584,12,10,Arnie,
777621514455814149,12,10,Derek,
777189768882946048,12,10,Jeffrey,
776819012571455488,13,10,,pupper
776813020089548800,12,10,Solomon,
776477788987613185,11,10,Huck,pupper
776249906839351296,11,10,,
776218204058357768,13,10,,floofer
776201521193218049,10,10,,
776113305656188928,11,10,Sampson,pupper
776088319444877312,10,10,,
775842724423557120,12,10,Blue,
775733305207554048,11,10,Anakin,doggo
775729183532220416,13,10,,
775364825476165632,11,10,Finley,doggo
775350846108426240,12,10,Maximus,
775085132600442880,13,10,Tucker,
774757898236878852,12,10,Finley,
774639387460112384,10,10,Sprinkles,
774314403806253056,14,10,,
773985732834758656,11,10,Winnie,pupper
773922284943896577,12,10,Heinrich,
773704687002451968,12,10,Loki,
773670353721753600,10,10,Shakespeare,
773547596996571136,11,10,Chelsea,pupper
773336787167145985,11,10,Fizz,
773308824254029826,12,10,Bungalo,
773247561583001600,10,10,Chip,
773191612633579521,12,10,Grey,
772877495989305348,11,10,,
772826264096874500,11,10,Roosevelt,
772615324260794368,10,10,Gromit,
772581559778025472,10,10,,
772193107915964416,12,10,Willem,pupper
772152991789019136,10,10,,
772117678702071809,12,10,Jack,
772114945936949249,10,10,Finn,
772102971039580160,11,10,Penny,
771908950375665664,13,10,,doggo
771770456517009408,11,10,Davey,
771500966810099713,12,10,Dakota,
771380798096281600,11,10,Fizz,
771171053431250945,11,10,Frankie,
771136648247640064,11,10,Dixie,
771102124360998913,12,10,Charlie,
771014301343748096,7,10,,
771004394259247104,12,10,,pupper
770787852854652928,10,10,Winston,
770772759874076672,11,10,Sebastian,
770743923962707968,13,10,,doggo
770655142660169732,11,10,,
770414278348247044,11,10,Al,
770293558247038976,10,10,Jackson,
770069151037685760,10,10,Carbon,
769940425801170949,12,10,Klein,
769695466921623552,13,10,Titan,
769335591808995329,13,10,,
769212283578875904,12,10,Dondon,
768970937022709760,12,10,Kirby,
768909767477751808,10,10,,pupper
768855141948723200,11,10,Jesse,
768609597686943744,10,10,Lou,
768596291618299904,12,10,Oakley,
768554158521745409,12,10,Nollie,
768473857036525572,11,10,Chevy,
768193404517830656,8,10,Gerald,doggo
767884188863397888,10,10,Tito,
767754930266464257,11,10,Philbert,
767500508068192258,12,10,Louie,
767191397493538821,13,10,,doggo
767122157629476866,13,10,Rupert,
766864461642756096,10,10,,
766793450729734144,10,10,Rufus,
766714921925144576,13,10,,
766693177336135680,11,10,Brudge,
766423258543644672,9,10,Shadoe,
766313316352462849,12,10,Oscar,
766078092750233600,12,10,Colby,
766069199026450432,12,10,Juno,
766008592277377025,11,10,Angel,
765719909049503744,12,10,Brat,
765669560888528897,12,10,Tove,
765395769549590528,13,10,,
765371061932261376,11,10,Louie,pupper
765222098633691136,10,10,Gromit,
764857477905154048,12,10,Aubie,
764259802650378240,10,10,Kota,
763956972077010945,12,10,,doggo
763837565564780549,11,10,Alfie,
763183847194451968,8,10,Clark,
763167063695355904,8,10,Eve,pupper
763103485927849985,10,10,Belle,
762699858130116608,11,10,Leela,
762471784394268675,12,10,Glenn,
762464539388485633,12,10,Buddy,
762316489655476224,11,10,Scout,
762035686371364864,14,10,,
761976711479193600,12,10,Shelby,
761750502866649088,10,10,,
761745352076779520,11,10,,
761672994376806400,10,10,,
761599872357261312,11,10,Sephie,
761371037149827077,13,10,,
761334018830917632,10,10,Bruce,
761292947749015552,11,10,Bonaparte,
761227390836215808,10,10,Albert,
761004547850530816,11,10,Bo,
760893934457552897,11,10,Wishes,doggo
760656994973933572,11,10,Rose,
760641137271070720,12,10,Theo,
760539183865880579,12,10,Atlas,
760521673607086080,12,10,,doggo
760290219849637889,13,10,Rocco,
760252756032651264,4,10,Fido,
760190180481531904,10,10,Sadie,
760153949710192640,11,10,,
759943073749200896,12,10,,pupper
759923798737051648,10,10,,
759846353224826880,11,10,Kirby,
759566828574212096,10,10,,
759557299618865152,10,10,Emma,
759447681597108224,11,10,Oakley,
759446261539934208,10,10,,
759197388317847553,12,10,Luna,
759159934323924993,11,10,,
759099523532779520,7,10,Toby,
759047813560868866,11,10,Spencer,
758854675097526272,11,10,Lilli,
758828659922702336,13,10,,doggo
758740312047005698,12,10,Boston,
758474966123810816,11,10,Brandonald,
758405701903519748,10,10,Odie,
758355060040593408,11,10,Corey,
758099635764359168,13,10,,
758041019896193024,9,10,,
757741869644341248,10,10,Leonard,
757729163776290825,11,10,Chompsky,
757725642876129280,11,10,Beckham,
757611664640446465,12,10,Cooper,
757597904299253760,11,10,,pupper
757596066325864448,4,10,,
757400162377592832,13,10,,
757393109802180609,10,10,,doggo
757354760399941633,8,10,Devón,
756998049151549440,11,10,Oliver,
756939218950160384,12,10,Jax,pupper
756651752796094464,11,10,Gert,
756526248105566208,13,10,,doggo
756303284449767430,11,10,,
756288534030475264,12,10,,
756275833623502848,10,10,,puppo
755955933503782912,12,10,,pupper
755206590534418437,14,10,,doggo
755110668769038337,13,10,Watson,
754874841593970688,11,10,Rubio,
754856583969079297,11,10,Winnie,
754747087846248448,12,10,Keith,
754482103782404096,10,10,Milo,
754449512966619136,11,10,Dex,
754120377874386944,10,10,,
754011816964026368,12,10,Charlie,
753655901052166144,10,10,,
753420520834629632,11,10,,
753398408988139520,12,10,Scout,
753375668877008896,8,10,Hank,
753298634498793472,12,10,Carly,
753294487569522689,11,10,Ace,
753039830821511168,13,10,,
753026973505581056,10,10,Tayzie,
752932432744185856,12,10,Carl,
752917284578922496,11,10,Grizzie,
752701944171524096,11,10,,
752682090207055872,10,10,,doggo
752660715232722944,10,10,,doggo
752568224206688256,9,10,,
752519690950500352,11,10,,puppo
752334515931054080,8,10,,doggo
752309394570878976,13,10,,
752173152931807232,12,10,Brody,
751950017322246144,13,10,Lola,pupper
751937170840121344,11,10,Ruby,
751830394383790080,12,10,Tucker,
751793661361422336,11,10,Fred,
751598357617971201,13,10,Toby,
751538714308972544,10,10,Max,
751456908746354688,12,10,,pupper
751251247299190784,10,10,Gilbert,
751205363882532864,12,10,,
751132876104687617,10,10,Cooper,puppo
750868782890057730,11,10,Milo,pupper
750719632563142656,12,10,Meyer,
750506206503038976,8,10,Malcolm,pupper
750429297815552001,12,10,Arnie,
750383411068534784,9,10,Zoe,pupper
750381685133418496,13,10,,doggo
750147208377409536,13,10,,
750132105863102464,11,10,Stewie,
750117059602808832,10,10,Calvin,
750101899009982464,11,10,Lilah,
750086836815486976,12,10,Spanky,
750071704093859840,10,10,,pupper
750056684286914561,11,10,Jameson,
750041628174217216,13,10,Beau,
750026558547456000,10,10,Jax,
750011400160841729,11,10,Piper,doggo
749996283729883136,12,10,Bo,
749981277374128128,1776,10,Atticus,
749774190421639168,12,10,Lucy,
749417653287129088,11,10,Finn,pupper
749403093750648834,10,10,,
749395845976588288,10,10,George,
749317047558017024,12,10,Blu,floofer
749075273010798592,11,10,Boomer,doggo
749064354620928000,11,10,Winston,
749036806121881602,8,10,Dietrich,
748977405889503236,10,10,,
748932637671223296,13,10,Divine,doggo
748705597323898880,13,10,,
748699167502000129,11,10,Tripp,
748692773788876800,10,10,His,doggo
748575535303884801,6,10,,
748568946752774144,12,10,Cora,
748346686624440324,10,10,,
748337862848962560,13,10,,pupper
748324050481647620,11,10,Duke,
748307329658011649,7,10,,
748220828303695873,13,10,,
747963614829678593,10,10,,pupper
747933425676525569,11,10,,
747885874273214464,8,10,,
747844099428986880,11,10,Huxley,
747816857231626240,4,10,,
747651430853525504,12,10,,pupper
747648653817413632,12,10,Keurig,
747600769478692864,10,10,Bookstore,
747594051852075008,11,10,,
747512671126323200,10,10,,
747461612269887489,10,10,,
747439450712596480,12,10,Linus,
747242308580548608,13,10,,pupper
747219827526344708,11,10,Atticus,
747204161125646336,10,10,Clark,
747103485104099331,11,10,,
746906459439529985,0,10,,
746872823977771008,11,10,,
746818907684614144,13,10,,
746790600704425984,10,10,,
746757706116112384,11,10,Maddie,
746726898085036033,12,10,Abby,
746542875601690625,11,10,,floofer
746521445350707200,10,10,Shaggy,
746507379341139972,10,10,Shiloh,
746369468511756288,9,10,,
746131877086527488,10,10,Gustav,
746056683365994496,11,10,Arlen,
745789745784041472,10,10,Gus,
745712589599014916,7,10,Percy,
745433870967832576,10,10,Lenox,doggo
745422732645535745,9,10,,
745314880350101504,12,10,Sugar,
745074613265149952,11,10,Jeffrey,
745057283344719872,12,10,Oliver,
744995568523612160,9,10,Abby,puppo
744971049620602880,12,10,Indie,
744709971296780288,10,10,Harvey,
744334592493166593,11,10,Blanket,
744234799360020481,13,10,,doggo
744223424764059648,12,10,Actually,pupper
743980027717509120,11,10,Geno,
743895849529389061,10,10,,
743835915802583040,10,10,,
743609206067040256,10,10,Stark,
743595368194129920,7,10,Harold,
743545585370791937,11,10,Bentley,
743510151680958465,13,10,Beya,
743253157753532416,10,10,Kilo,puppo
743222593470234624,12,10,,pupper
743210557239623680,10,10,Kayla,
742534281772302336,11,10,,doggo
742528092657332225,10,10,Maxaroni,
742465774154047488,14,10,,pupper
742423170473463808,12,10,Bell,
742385895052087300,11,10,Phil,
742161199639494656,12,10,Doug,
742150209887731712,8,10,Edmund,pupper
741793263812808706,10,10,,
741743634094141440,11,10,Aqua,pupper
741438259667034112,9,10,Tucker,
741303864243200000,12,10,Theodore,
741099773336379392,11,10,Ted,
740995100998766593,10,10,Leo,
740711788199743490,9,10,,
740699697422163968,8,10,Chip,
740676976021798912,11,10,Baloo,pupper
740365076218183684,10,10,,
740359016048689152,9,10,Chase,
740214038584557568,10,10,Getting,
739979191639244800,12,10,Nollie,
739932936087216128,10,10,Rorie,
739844404073074688,12,10,Simba,
739623569819336705,12,10,,doggo
739606147276148736,9,10,Benji,pupper
739544079319588864,10,10,,
739485634323156992,6,10,Kyle,
739238157791694849,13,10,,doggo
738891149612572673,13,10,,
738885046782832640,11,10,Charles,
738883359779196928,10,10,,
738537504001953792,11,10,Bayley,puppo
738402415918125056,10,10,,
738184450748633089,9,10,,
738166403467907072,12,10,Axel,
738156290900254721,10,10,Storkson,
737826014890496000,10,10,Remy,
737800304142471168,10,10,Bella,
737678689543020544,11,10,,
737445876994609152,13,10,,floofer
737322739594330112,9,10,Lily,
737310737551491075,13,10,,
736736130620620800,13,10,Chadrick,
736392552031657984,13,10,,pupper
736365877722001409,11,10,Rory,pupper
736225175608430592,10,10,,
736010884653420544,10,10,,
735991953473572864,11,10,Maxaroni,
735648611367784448,12,10,,pupper
735635087207878657,11,10,Dakota,
735274964362878976,11,10,,
735256018284875776,8,10,Kellogg,doggo
735137028879360001,9,10,Buckley,pupper
734912297295085568,10,10,Jax,
734787690684657664,13,10,,
734776360183431168,11,10,Livvie,
734559631394082816,10,10,,
733828123016450049,10,10,Terry,
733822306246479872,10,10,Moose,floofer
733482008106668032,10,10,,
733460102733135873,11,10,Hermione,
732732193018155009,12,10,Ralpher,
732726085725589504,11,10,Aldrick,
732585889486888962,10,10,,
732375214819057664,11,10,Kyle,doggo
732005617171337216,11,10,Larry,
731285275100512256,12,10,Solomon,
730924654643314689,9,10,Unacceptable,
730573383004487680,10,10,Rooney,pupper
730427201120833536,11,10,Crystal,
730211855403241472,11,10,Ziva,
730196704625098752,6,10,Charles,
729854734790754305,11,10,Ollie,
729838605770891264,12,10,,
729823566028484608,13,10,Stefan,
729463711119904772,13,10,Pupcasso,
729113531270991872,10,10,,
728986383096946689,11,10,Puff,
728760639972315136,13,10,,
728751179681943552,10,10,Flurpson,
728653952833728512,8,10,Coleman,
728409960103686147,10,10,Wallace,
728387165835677696,12,10,Enchilada,
728046963732717569,11,10,Raymond,
728035342121635841,12,10,,pupper
728015554473250816,11,10,Rueben,pupper
727685679342333952,12,10,Cilantro,
727644517743104000,13,10,,doggo
727524757080539137,10,10,,pupper
727314416056803329,11,10,,pupper
727286334147182592,9,10,,
727175381690781696,10,10,Karll,
727155742655025152,11,10,,
726935089318363137,12,10,Sprout,
726887082820554753,10,10,Blitz,
726828223124897792,12,10,Bloop,
726224900189511680,9,10,,
725842289046749185,12,10,Colby,
725786712245440512,11,10,Lillie,pupper
725729321944506368,12,10,Lola,
725458796924002305,13,10,,
724983749226668032,12,10,Fred,
724771698126512129,11,10,,doggo
724405726123311104,10,10,Ashleigh,pupper
724049859469295616,10,10,Kreggory,
724046343203856385,10,10,Sarge,
724004602748780546,11,10,Luther,pupper
723912936180330496,12,10,Sugar,
723688335806480385,12,10,Reginald,
723673163800948736,10,10,Ivar,
723179728551723008,8,10,Jangle,
722613351520608256,12,10,Schnitzel,
721503162398597120,11,10,Panda,
721001180231503872,11,10,Oliver,pupper
720785406564900865,12,10,Archie,
720775346191278080,10,10,Berkeley,
720415127506415616,10,10,,
720389942216527872,11,10,Ralphé,
720340705894408192,10,10,Derek,pupper
720059472081784833,9,10,Charleson,
720043174954147842,11,10,Neptune,
719991154352222208,10,10,,doggo
719704490224398336,12,10,Clyde,pupper
719551379208073216,10,10,Harnold,
719367763014393856,11,10,Sid,
719339463458033665,10,10,Lucy,
719332531645071360,11,10,Pippa,
718971898235854848,10,10,Sadie,
718939241951195136,12,10,Otis,
718631497683582976,10,10,,
718613305783398402,11,10,Carper,
718540630683709445,10,10,,
718460005985447936,9,10,Bowie,
718454725339934721,13,10,,
718246886998687744,3,10,Alexanderson,
718234618122661888,11,10,Suki,
717841801130979328,11,10,Barclay,
717790033953034240,10,10,,pupper
717537687239008257,11,10,,
717428917016076293,11,10,Skittle,
717421804990701568,9,10,Ebby,
717047459982213120,12,10,Flávio,
717009362452090881,10,10,Smokey,pupper
716802964044845056,10,10,Link,
716791146589110272,11,10,Jennifur,
716730379797970944,12,10,,
716447146686459905,13,10,Ozzy,pupper
716285507865542656,12,10,Stephanus,
716080869887381504,11,10,,doggo
715928423106027520,11,10,Bubbles,
715758151270801409,13,10,,
715733265223708672,10,10,,
715704790270025728,11,10,Bentley,
715696743237730304,10,10,Toby,
715680795826982913,12,10,Zeus,
715360349751484417,11,10,Bertson,
715342466308784130,10,10,Oscar,
715220193576927233,10,10,Nico,
715200624753819648,12,10,Michelangelope,
715009755312439296,12,10,Siba,
714982300363173890,9,10,Calbert,
714962719905021952,12,10,,
714957620017307648,10,10,Curtis,
714631576617938945,4,10,Benedict,
714606013974974464,12,10,,
714485234495041536,10,10,Blitz,
714258258790387713,10,10,Travis,
714251586676113411,8,10,Thumas,
714214115368108032,13,10,,
714141408463036416,10,10,,
713919462244790272,12,10,Kanu,
713909862279876608,12,10,Doug,
713761197720473600,12,10,Piper,
713411074226274305,11,10,,
713177543487135744,10,10,Lance,
713175907180089344,10,10,Opie,
712809025985978368,10,10,Stubert,
712717840512598017,10,10,,
712668654853337088,10,10,Sunny,
712438159032893441,11,10,Kane,
712309440758808576,12,10,,pupper
712097430750289920,10,10,,
712092745624633345,7,10,Steven,
712085617388212225,11,10,Olive,
712065007010385924,6,10,Chester,
711998809858043904,12,10,,
711968124745228288,10,10,Winston,pupper
711743778164514816,11,10,Roosevelt,
711732680602345472,10,10,,
711694788429553666,13,10,,
711652651650457602,9,10,Gary,
711363825979756544,11,10,,
711306686208872448,3,10,,
711008018775851008,11,10,Chuckles,pupper
710997087345876993,12,10,Milo,
710844581445812225,10,10,Staniel,
710833117892898816,12,10,Sora,
710609963652087808,12,10,,
710588934686908417,12,10,Beemo,
710296729921429505,12,10,Oshie,
710283270106132480,11,10,Gunner,
710272297844797440,11,10,Infuriating,
710269109699739648,13,10,,
710153181850935296,11,10,Lacy,
710140971284037632,8,10,Tater,
710117014656950272,11,10,,pupper
709918798883774466,12,10,Watson,
709901256215666688,12,10,,
709852847387627521,12,10,,
709566166965075968,12,10,Olaf,
709556954897764353,12,10,Cecil,
709519240576036864,9,10,Vince,
709449600415961088,10,10,Karma,
709409458133323776,8,10,Billy,
709225125749587968,11,10,Walker,
709207347839836162,11,10,Penny,
709179584944730112,13,10,Sammy,
709158332880297985,10,10,Rodney,
709042156699303936,9,10,Klevin,
708853462201716736,8,10,Lucy,
708845821941387268,9,10,,pupper
708834316713893888,10,10,Malikai,
708810915978854401,10,10,Mister,
708738143638450176,11,10,Coco,
708711088997666817,11,10,Smokey,
708479650088034305,13,10,Bear,
708469915515297792,11,10,Bobble,
708400866336894977,12,10,,
708356463048204288,10,10,Oliver,
708349470027751425,11,10,River,
708149363256774660,10,10,Jebberson,
708130923141795840,11,10,,
708119489313951744,9,10,Cooper,
708109389455101952,10,10,Remington,
708026248782585858,13,10,,
707995814724026368,12,10,Farfle,
707983188426153984,12,10,,
707969809498152960,11,10,Rufus,
707776935007539200,11,10,Sadie,
707741517457260545,10,10,,
707738799544082433,12,10,,
707693576495472641,7,10,Jiminus,
707629649552134146,10,10,,
707610948723478529,12,10,Harper,
707420581654872064,4,10,Keurig,
707411934438625280,11,10,,pupper
707387676719185920,10,10,Clarkus,
707377100785885184,9,10,,
707315916783140866,10,10,Finnegus,pupper
707297311098011648,10,10,Cassie,
707059547140169728,11,10,Cupcake,
707038192327901184,10,10,Kathmandu,
707021089608753152,12,10,Tucker,
707014260413456384,11,10,Ellie,
706904523814649856,13,10,,
706901761596989440,3,10,Elliot,
706681918348251136,12,10,Katie,
706644897839910912,9,10,Shadow,
706593038911545345,10,10,,
706538006853918722,11,10,Oliver,
706516534877929472,12,10,,
706346369204748288,12,10,Koda,
706310011488698368,12,10,,pupper
706291001778950144,11,10,,
706265994973601792,11,10,Kara,
706169069255446529,12,10,,
706166467411222528,7,10,Dexter,
706153300320784384,13,10,Layla,
705975130514706432,10,10,Adele,pupper
705970349788291072,12,10,Lucy,
705898680587526145,10,10,Max,
705786532653883392,11,10,,pupper
705591895322394625,11,10,,
705475953783398401,12,10,Zara,
705442520700944385,12,10,Cooper,
705428427625635840,11,10,Ambrose,pupper
705239209544720384,11,10,Jimothy,
705223444686888960,9,10,Bode,
705102439679201280,10,10,Terrenth,
705066031337840642,12,10,Reese,
704871453724954624,12,10,,
704859558691414016,10,10,,pupper
704847917308362754,12,10,,
704819833553219584,7,10,Chesterson,
704761120771465216,13,10,,pupper
704499785726889984,12,10,,
704491224099647488,13,10,,
704480331685040129,11,10,Lucia,
704364645503647744,12,10,Bisquick,
704347321748819968,10,10,Ralphson,pupper
704134088924532736,12,10,,pupper
704113298707505153,8,10,Stanley,
703774238772166656,10,10,,
703769065844768768,10,10,,
703631701117943808,11,10,Bella,
703611486317502464,10,10,Scooter,pupper
703425003149250560,9,10,,
703407252292673536,10,10,,pupper
703382836347330562,12,10,Charlie,
703356393781329922,9,10,Socks,
703268521220972544,12,10,,pupper
703079050210877440,11,10,,
703041949650034688,10,10,,
702932127499816960,6,10,Chip,
702899151802126337,12,10,Luna,
702684942141153280,11,10,Lucy,
702671118226825216,10,10,Rambo,
702598099714314240,11,10,Sansa,pupper
702539513671897089,12,10,,
702332542343577600,13,10,Rudy,
702321140488925184,12,10,,
702276748847800320,11,10,,
702217446468493312,9,10,,
701981390485725185,12,10,Fiji,
701952816642965504,11,10,Rilo,
701889187134500865,11,10,Bilbo,
701805642395348998,11,10,,pupper
701601587219795968,10,10,Coopson,
701570477911896070,9,10,Yoda,
701545186879471618,10,10,Millie,pupper
701214700881756160,12,10,,
700890391244103680,11,10,Chet,
700864154249383937,12,10,,pupper
700847567345688576,10,10,Crouton,
700796979434098688,7,10,Daniel,
700747788515020802,11,10,,
700518061187723268,10,10,Vincent,
700505138482569216,12,10,Kaia,
700462010979500032,6,10,Murphy,
700167517596164096,10,10,Dotsy,
700151421916807169,11,10,,pupper
700143752053182464,10,10,,pupper
700062718104104960,6,10,Eazy,
700029284593901568,10,10,Coops,
700002074055016451,9,10,Thumas,
699801817392291840,11,10,Cooper,pupper
699788877217865730,12,10,Nala,
699779630832685056,10,10,,
699775878809702401,11,10,Fillup,
699691744225525762,5,10,Dave,
699446877801091073,12,10,Archie,
699434518667751424,12,10,,pupper
699423671849451520,10,10,,
699413908797464576,11,10,Miley,
699370870310113280,11,10,Calbert,
699323444782047232,10,10,,
699088579889332224,3,10,Charl,
699079609774645248,8,10,Reagan,
699072405256409088,12,10,,
699060279947165696,12,10,Yukon,
699036661657767936,13,10,,pupper
698989035503689728,13,10,Oliver,
698953797952008193,11,10,Cece,
698907974262222848,10,10,,
698710712454139905,10,10,Cuddles,
698703483621523456,7,10,Rusty,
698635131305795584,12,10,,
698549713696649216,9,10,Claude,
698355670425473025,10,10,Jessiga,
698342080612007937,11,10,Maximus,
698262614669991936,11,10,Franklin,
698195409219559425,9,10,Beau,
698178924120031232,10,10,Lily,
697995514407682048,11,10,,
697990423684476929,11,10,Doug,
697943111201378304,10,10,Cassie,
697881462549430272,10,10,Carter,
697630435728322560,8,10,,
697616773278015490,11,10,,pupper
697596423848730625,11,10,,pupper
697575480820686848,8,10,Ole,
697516214579523584,9,10,Pherb,
697482927769255936,11,10,Blipson,
697270446429966336,10,10,Bentley,
697259378236399616,8,10,Getting,
697255105972801536,10,10,Charlie,
697242256848379904,10,10,Oakley,
696900204696625153,12,10,Rosie,
696894894812565505,9,10,,
696886256886657024,12,10,,
696877980375769088,9,10,Misty,pupper
696754882863349760,10,10,Reptar,
696744641916489729,10,10,Klevin,
696713835009417216,9,10,Trevith,pupper
696518437233913856,10,10,,pupper
696490539101908992,1,10,,
696488710901260288,12,10,,
696405997980676096,7,10,Berb,
696100768806522880,10,10,,pupper
695816827381944320,11,10,,
695794761660297217,13,10,Wyatt,
695767669421768709,13,10,,
695629776980148225,8,10,Calvin,
695446424020918272,12,10,,
695409464418041856,10,10,Bob,
695314793360662529,10,10,Colin,
695095422348574720,12,10,,pupper
695074328191332352,11,10,Lorenzo,pupper
695064344191721472,4,10,,
695051054296211456,6,10,Brian,
694925794720792577,5,10,,
694905863685980160,10,10,Archie,
694669722378485760,12,10,Phil,
694356675654983680,10,10,,pupper
694352839993344000,10,10,Oliviér,
694342028726001664,11,10,,
694329668942569472,9,10,Grady,pupper
694206574471057408,10,10,,
694183373896572928,9,10,Lola,
694001791655137281,11,10,Chester,
693993230313091072,12,10,,
693942351086120961,10,10,Kobe,
693647888581312512,7,10,,
693644216740769793,10,10,,
693642232151285760,9,10,Freddery,
693629975228977152,12,10,,pupper
693622659251335168,10,10,,
693590843962331137,3,10,Phil,pupper
693582294167244802,11,10,,
693486665285931008,11,10,Lincoln,
693280720173801472,10,10,Sadie,
693267061318012928,12,10,Oscar,
693262851218264065,11,10,,pupper
693231807727280129,9,10,Bodie,
693155686491000832,12,10,Dunkin,
693109034023534592,11,10,,
693095443459342336,10,10,Milo,pupper
692919143163629568,9,10,,
692905862751522816,10,10,Wally,pupper
692901601640583168,10,10,,
692894228850999298,10,10,Tupawc,
692828166163931137,12,10,,pupper
692752401762250755,13,10,,pupper
692568918515392513,12,10,Chester,
692535307825213440,10,10,Amber,
692530551048294401,10,10,Cody,
692423280028966913,9,10,,
692417313023332352,7,10,Herschel,pupper
692187005137076224,12,10,,
692158366030913536,10,10,Edgar,
692142790915014657,13,10,,
692041934689402880,13,10,Teddy,
692017291282812928,9,10,Kingsley,
691820333922455552,8,10,Brockly,
691793053716221953,10,10,,
691756958957883396,10,10,,
691675652215414786,10,10,Richie,
691483041324204033,5,10,,
691459709405118465,12,10,Leo,
691444869282295808,12,10,Bailey,
691416866452082688,13,10,,
691321916024623104,11,10,Molly,
691096613310316544,11,10,,
691090071332753408,12,10,,
690989312272396288,12,10,,
690959652130045952,11,10,,
690938899477221376,10,10,,
690932576555528194,12,10,Buddy,
690735892932222976,13,10,Peaches,
690728923253055490,8,10,Vinscent,
690690673629138944,10,10,Cedrick,
690649993829576704,11,10,Hazel,
690607260360429569,12,10,,
690597161306841088,11,10,Lolo,
690400367696297985,10,10,Eriq,
690374419777196032,11,10,Phred,
690360449368465409,9,10,,
690348396616552449,12,10,Oddie,
690248561355657216,11,10,Maxwell,
690021994562220032,10,10,Geoff,
690015576308211712,12,10,,pupper
690005060500217858,10,10,,
689999384604450816,10,10,Covach,
689993469801164801,12,10,,floofer
689977555533848577,12,10,,
689905486972461056,11,10,Gizmo,pupper
689877686181715968,9,10,Durg,
689835978131935233,11,10,Fynn,
689661964914655233,12,10,Luca,
689659372465688576,8,10,Ricky,
689623661272240129,10,10,Lucy,pupper
689599056876867584,11,10,,
689557536375177216,12,10,,
689517482558820352,12,10,Carl,
689289219123089408,13,10,,
689283819090870273,9,10,Chipson,
689280876073582592,10,10,Herald,
689275259254616065,10,10,Lucky,
689255633275777024,10,10,Ferg,
689154315265683456,9,10,,
689143371370250240,10,10,Trip,pupper
688916208532455424,11,10,,pupper
688908934925697024,8,10,Clarence,
688898160958271489,10,10,,
688894073864884227,7,10,Hamrick,pupper
688828561667567616,9,10,Brad,
688804835492233216,12,10,,
688789766343622656,8,10,Pubert,
688547210804498433,9,10,Frönq,
688519176466644993,12,10,,pupper
688385280030670848,12,10,Louis,
688211956440801280,13,10,Derby,
688179443353796608,10,10,Lizzie,pupper
688116655151435777,10,10,,
688064179421470721,11,10,Kilo,
687841446767013888,13,10,,
687826841265172480,12,10,Louis,
687818504314159109,12,10,,pupper
687807801670897665,11,10,Trooper,
687732144991551489,11,10,Ember,
687704180304273409,9,10,Blakely,pupper
687664829264453632,11,10,Opal,
687494652870668288,7,10,Marq,
687480748861947905,12,10,,
687476254459715584,11,10,Curtis,pupper
687460506001633280,10,10,Kramer,
687399393394311168,10,10,Barry,
687317306314240000,11,10,Tyrone,
687312378585812992,7,10,,pupper
687127927494963200,9,10,Gordon,
687124485711986689,11,10,Samson,
687109925361856513,11,10,Baxter,
687102708889812993,5,10,,
687096057537363968,11,10,,pupper
686947101016735744,11,10,Jackson,
686760001961103360,12,10,,pupper
686749460672679938,8,10,,
686730991906516992,12,10,,
686683045143953408,11,10,Mona,pupper
686618349602762752,11,10,Olivia,pupper
686606069955735556,10,10,Horace,
686394059078897668,12,10,,
686386521809772549,11,10,Crimson,
686377065986265092,10,10,Birf,pupper
686358356425093120,10,10,,
686286779679375361,12,10,,
686050296934563840,11,10,Flávio,
686034024800862208,12,10,,
686007916130873345,11,10,,pupper
686003207160610816,3,10,Hammond,
685973236358713344,11,10,Lorelei,
685943807276412928,8,10,,pupper
685906723014619143,9,10,Olive,
685681090388975616,14,10,,
685667379192414208,9,10,Marty,pupper
685663452032069632,12,10,Brooks,
685641971164143616,7,10,Otis,pupper
685547936038666240,14,10,,pupper
685532292383666176,9,10,,
685325112850124800,10,10,,
685321586178670592,10,10,Rocky,
685315239903100929,11,10,,
685307451701334016,11,10,Petrick,floofer
685268753634967552,10,10,Hubertson,pupper
685198997565345792,11,10,Alfie,
685169283572338688,11,10,Gerbald,pupper
684969860808454144,5,10,,
684959798585110529,5,10,Jerry,
684940049151070208,12,10,Oreo,
684926975086034944,11,10,Bruiser,
684914660081053696,12,10,,
684902183876321280,11,10,Perry,
684880619965411328,5,10,,pupper
684830982659280897,13,10,,pupper
684800227459624960,11,10,Theodore,
684594889858887680,10,10,,
684588130326986752,12,10,,pupper
684567543613382656,4,10,Bobby,
684538444857667585,12,10,,
684481074559381504,10,10,Pippa,
684460069371654144,10,10,Jeph,
684241637099323392,12,10,Obi,
684200372118904832,6,10,,
684195085588783105,9,10,Tino,
684188786104872960,10,10,,
684177701129875456,10,10,Kulet,
684147889187209216,12,10,Sweets,pupper
684122891630342144,11,10,,
684097758874210310,10,10,Lupe,
683857920510050305,10,10,Sadie,
683852578183077888,10,10,Tiger,
683849932751646720,5,10,Jiminy,
683834909291606017,9,10,,pupper
683828599284170753,12,10,,pupper
683773439333797890,9,10,Buddy,
683742671509258241,11,10,Sebastian,
683515932363329536,11,10,,
683498322573824003,11,10,Griffin,
683481228088049664,11,10,Banjo,pupper
683462770029932544,8,10,,pupper
683449695444799489,10,10,,
683391852557561860,11,10,Jack,
683357973142474752,10,10,,
683142553609318400,9,10,Brandy,pupper
683111407806746624,10,10,Larry,pupper
683098815881154561,12,10,,
683078886620553216,9,10,,pupper
683030066213818368,10,10,Lulu,
682788441537560576,12,10,,pupper
682750546109968385,9,10,Taco,
682697186228989953,12,10,,
682662431982772225,11,10,Joey,
682638830361513985,12,10,,
682429480204398592,8,10,,
682406705142087680,7,10,Patrick,pupper
682393905736888321,11,10,Kreg,
682389078323662849,9,10,Brody,
682303737705140231,9,10,Todo,
682259524040966145,9,10,Jax,
682242692827447297,11,10,Samson,
682088079302213632,12,10,,
682059653698686977,11,10,Tess,
682047327939461121,10,10,,
682032003584274432,11,10,Ulysses,
682003177596559360,5,10,,
681981167097122816,12,10,Jimothy,
681891461017812993,10,10,Charlie,pupper
681694085539872773,11,10,Bo,pupper
681679526984871937,7,10,,pupper
681654059175129088,12,10,Toffee,pupper
681610798867845120,12,10,,
681579835668455424,8,10,Apollo,
681523177663676416,12,10,Carly,
681340665377193984,5,10,,
681339448655802368,9,10,Asher,
681320187870711809,11,10,Glacier,
681302363064414209,3,10,Chuck,
681297372102656000,12,10,Actually,
681281657291280384,11,10,Sarge,
681261549936340994,9,10,Panda,
681242418453299201,10,10,Champ,
681231109724700672,11,10,,pupper
681193455364796417,11,10,Aspen,
680970795137544192,9,10,,
680959110691590145,9,10,Ozzie,
680940246314430465,4,10,Alice,
680934982542561280,10,10,Sadie,
680913438424612864,11,10,Griswold,
680889648562991104,9,10,Cheesy,
680836378243002368,12,10,Ellie,pupper
680805554198020098,9,10,,
680801747103793152,10,10,,
680798457301471234,6,10,Moofasa,
680609293079592961,9,10,Brody,
680583894916304897,8,10,Penny,
680497766108381184,12,10,Percy,
680494726643068929,26,10,,
680473011644985345,10,10,Hector,pupper
680440374763077632,11,10,,
680221482581123072,10,10,Cece,
680206703334408192,12,10,Toby,
680191257256136705,11,10,,pupper
680176173301628928,10,10,,pupper
680161097740095489,12,10,Goliath,
680145970311643136,10,10,Kawhi,pupper
680130881361686529,10,10,Reggie,
680115823365742593,9,10,Ozzy,
680100725817409536,11,10,,pupper
680085611152338944,12,10,,
680070545539371008,9,10,Emmie,
680055455951884288,10,10,Sammy,
679877062409191424,5,10,Penelope,
679872969355714560,10,10,Rocco,
679862121895714818,11,10,,
679854723806179328,7,10,Bruce,
679844490799091713,10,10,Willie,
679828447187857408,13,10,,pupper
679777920601223168,10,10,Rinna,pupper
679736210798047232,9,10,,
679729593985699840,8,10,Hunter,
679722016581222400,8,10,Mike,
679530280114372609,7,10,,
679527802031484928,11,10,,pupper
679511351870550016,7,10,William,
679503373272485890,8,10,Dwight,pupper
679475951516934144,9,10,Evy,
679462823135686656,11,10,Hurley,
679405845277462528,10,10,,
679158373988876288,11,10,Rubio,
679148763231985668,8,10,,
679132435750195208,10,10,Louis,
679111216690831360,12,10,,
679062614270468097,11,10,Chompsky,
679047485189439488,9,10,,
679001094530465792,11,10,Rascal,
678991772295516161,12,10,,
678969228704284672,11,10,Lola,
678800283649069056,12,10,,pupper
678798276842360832,7,10,Linda,
678774928607469569,11,10,Tug,
678767140346941444,8,10,Mia,
678764513869611008,10,10,Wilson,
678755239630127104,10,10,Dash,
678740035362037760,6,10,Tango,
678708137298427904,10,10,,pupper
678675843183484930,2,10,,
678643457146150913,10,10,Grizz,
678446151570427904,10,10,,
678424312106393600,2,10,Crystal,
678410210315247616,10,10,Jerome,
678399652199309312,12,10,,
678396796259975168,12,10,,
678389028614488064,11,10,Bella,pupper
678380236862578688,10,10,Crumpet,
678341075375947776,12,10,,pupper
678334497360859136,10,10,Rosie,
678278586130948096,10,10,,pupper
678255464182861824,9,10,Jessifer,
678023323247357953,13,10,,
678021115718029313,12,10,Reese,
677961670166224897,11,10,Izzy,
677918531514703872,10,10,,
677895101218201600,9,10,,
677700003327029250,10,10,Ralph,
677698403548192770,9,10,Sadie,
677687604918272002,11,10,,
677673981332312066,9,10,,
677662372920729601,12,10,,
677644091929329666,11,10,,
677573743309385728,10,10,Sandy,
677565715327688705,6,10,,
677557565589463040,10,10,,pupper
677547928504967168,12,10,,
677530072887205888,9,10,Axel,
677335745548390400,12,10,,
677334615166730240,9,10,,
677331501395156992,9,10,Humphrey,
677328882937298944,10,10,Derek,
677314812125323265,10,10,Tassy,
677301033169788928,5,10,Juckson,
677269281705472000,10,10,,pupper
677228873407442944,11,10,Chuq,
677187300187611136,9,10,,
676975532580409345,11,10,Cooper,
676957860086095872,10,10,,
676949632774234114,8,10,Tyrus,
676948236477857792,6,10,Karl,
676946864479084545,12,10,,
676942428000112642,9,10,,
676936541936185344,8,10,,pupper
676916996760600576,10,10,,pupper
676897532954456065,5,10,,
676864501615042560,10,10,Ash,
676821958043033607,11,10,,
676819651066732545,12,10,,pupper
676811746707918848,9,10,Penny,
676776431406465024,10,10,,
676617503762681856,13,10,,pupper
676613908052996102,12,10,,
676606785097199616,12,10,,
676603393314578432,9,10,Godzilla,pupper
676593408224403456,11,10,,pupper
676590572941893632,7,10,,
676588346097852417,5,10,Bubbles,
676582956622721024,8,10,Vinnie,
676575501977128964,8,10,,pupper
676533798876651520,12,10,,
676496375194980353,9,10,Griffin,
676470639084101634,11,10,,pupper
676440007570247681,11,10,,
676430933382295552,10,10,Duke,
676263575653122048,10,10,,pupper
676237365392908289,8,10,Winston,
676219687039057920,10,10,Kenneth,
676215927814406144,9,10,Herm,
676191832485810177,10,10,,
676146341966438401,10,10,Bert,
676121918416756736,8,10,,
676101918813499392,11,10,Striker,
676098748976615425,3,10,,
676089483918516224,9,10,,
675898130735476737,10,10,,pupper
675891555769696257,6,10,Donny,
675888385639251968,10,10,,
675878199931371520,11,10,,
675870721063669760,11,10,,
675849018447167488,9,10,,
675845657354215424,10,10,Pepper,pupper
675822767435051008,10,10,,
675820929667219457,11,10,,
675798442703122432,10,10,Bernie,
675781562965868544,11,10,Buddah,
675740360753160193,12,10,,pupper
675710890956750848,12,10,Lenny,
675707330206547968,11,10,,
675706639471788032,10,10,,
675534494439489536,11,10,,
675531475945709568,10,10,Ellie,
675522403582218240,10,10,Sammy,
675517828909424640,12,10,,
675501075957489664,13,10,,
675497103322386432,11,10,Reggie,
675489971617296384,10,10,,
675483430902214656,5,10,,
675432746517426176,12,10,,
675372240448454658,13,10,,
675362609739206656,12,10,Daisy,
675354435921575936,13,10,,
675349384339542016,13,10,,
675334060156301312,12,10,,pupper
675166823650848770,10,10,Arnold,
675153376133427200,1,10,,
675149409102012420,12,10,,
675147105808306176,10,10,,
675146535592706048,7,10,Coops,
675145476954566656,9,10,,
675135153782571009,5,10,Steven,
675113801096802304,10,10,Zuzu,pupper
675111688094527488,8,10,Oliver,
675109292475830276,9,10,,
675047298674663426,11,10,,
675015141583413248,10,10,Moe,
675006312288268288,10,10,Mollie,pupper
675003128568291329,12,10,Laela,
674999807681908736,13,10,,
674805413498527744,10,10,,
674800520222154752,11,10,Tedders,
674793399141146624,13,10,,
674790488185167872,13,10,,
674788554665512960,9,10,Maggie,
674781762103414784,8,10,,
674774481756377088,11,10,Superpup,pupper
674767892831932416,12,10,,
674764817387900928,10,10,,
674754018082705410,12,10,,
674752233200820224,12,10,,
674743008475090944,10,10,Sophie,
674742531037511680,11,10,,
674739953134403584,11,10,,
674737130913071104,10,10,Rufio,pupper
674690135443775488,3,10,Patrick,
674670581682434048,9,10,Jeb,
674664755118911488,10,10,Rodman,
674646392044941312,5,10,,
674644256330530816,11,10,,
674638615994089473,12,10,,pupper
674632714662858753,5,10,,
674606911342424069,13,10,,
674468880899788800,13,10,Louis,
674447403907457024,10,10,,pupper
674436901579923456,9,10,Bailey,
674422304705744896,12,10,Ava,
674416750885273600,10,10,Jonah,
674410619106390016,10,10,Lenny,
674394782723014656,8,10,Gary,
674372068062928900,10,10,Chesney,
674330906434379776,13,10,,
674318007229923329,8,10,Lennon,pupper
674307341513269249,12,10,Life,
674291837063053312,11,10,Kenny,
674271431610523648,10,10,,
674269164442398721,8,10,Bob,
674265582246694913,2,10,Henry,
674262580978937856,9,10,Gus,pupper
674255168825880576,10,10,Bobbay,
674082852460433408,11,10,,
674075285688614912,11,10,Mitch,
674063288070742018,5,10,Earl,
674053186244734976,10,10,Stanley,
674051556661161984,10,10,Lucy,
674045139690631169,3,10,,
674042553264685056,12,10,,
674038233588723717,12,10,Kaiya,pupper
674036086168010753,9,10,Daisy,
674024893172875264,10,10,,
674019345211760640,10,10,Acro,
674014384960745472,11,10,Aiden,
674008982932058114,10,10,,
673956914389192708,10,10,,pupper
673919437611909120,11,10,Obie,pupper
673906403526995968,3,10,,
673887867907739649,10,10,,
673716320723169284,1,10,,
673715861853720576,4,10,,
673711475735838725,10,10,,
673709992831262724,12,10,,
673708611235921920,12,10,Riley,
673707060090052608,10,10,Raymond,pupper
673705679337693185,8,10,Dot,
673700254269775872,3,10,,
673697980713705472,8,10,Pickles,pupper
673689733134946305,11,10,,
673688752737402881,9,10,Larry,
673686845050527744,11,10,George,
673680198160809984,13,10,Shnuggles,
673662677122719744,12,10,Kendall,
673656262056419329,10,10,Albert,pupper
673636718965334016,10,10,,
673612854080196609,7,10,Jeffri,pupper
673583129559498752,11,10,Sandy,
673580926094458881,8,10,,
673576835670777856,7,10,,
673363615379013632,11,10,,pupper
673359818736984064,8,10,Steve,
673355879178194945,11,10,Koda,
673352124999274496,12,10,,
673350198937153538,9,10,Bella,
673345638550134785,7,10,Gerald,
673343217010679808,11,10,,
673342308415348736,10,10,Django,pupper
673320132811366400,11,10,Frankie,
673317986296586240,10,10,,
673295268553605120,8,10,Eve,pupper
673270968295534593,11,10,Mac,
673240798075449344,6,10,,
673213039743795200,10,10,Dexter,
673148804208660480,8,10,Fletcher,pupper
672997845381865473,12,10,Kenzie,
672995267319328768,8,10,Pumpkin,
672988786805112832,10,10,Schnozz,pupper
672984142909456390,9,10,,
672980819271634944,5,10,,
672975131468300288,10,10,Chuckles,pupper
672970152493887488,7,10,Chet,pupper
672968025906282496,11,10,Gustaf,
672964561327235073,10,10,Terry,
672902681409806336,9,10,Jimison,
672898206762672129,11,10,Cheryl,pupper
672884426393653248,6,10,,
672877615439593473,8,10,Oscar,
672834301050937345,10,10,Ed,
672828477930868736,9,10,Jerry,
672640509974827008,9,10,Leonidas,
672622327801233409,12,10,,pupper
672614745925664768,6,10,Norman,pupper
672609152938721280,9,10,Caryl,
672604026190569472,11,10,,
672594978741354496,9,10,Scott,pupper
672591762242805761,10,10,Taz,
672591271085670400,8,10,,
672538107540070400,7,10,Darby,
672523490734551040,10,10,,
672488522314567680,10,10,Jackie,
672482722825261057,10,10,Light,
672481316919734272,12,10,Jazz,pupper
672475084225949696,8,10,Buddy,
672466075045466113,12,10,Franq,
672272411274932228,11,10,Pippin,
672267570918129665,10,10,,
672264251789176834,10,10,Kreg,
672256522047614977,8,10,,
672254177670729728,11,10,Rolf,pupper
672248013293752320,10,10,,
672245253877968896,12,10,Snickers,
672239279297454080,7,10,Ridley,
672231046314901505,5,10,,
672222792075620352,9,10,Cal,
672205392827572224,9,10,Opal,pupper
672169685991993344,10,10,Bradley,
672160042234327040,8,10,Bubba,pupper
672139350159835138,12,10,,
672125275208069120,11,10,,
672095186491711488,9,10,Tuco,
672082170312290304,11,10,Patch,
672068090318987265,7,10,Gizmo,
671896809300709376,10,10,Lola,
671891728106971137,11,10,Mojo,
671882082306625538,11,10,Batdog,
671879137494245376,5,10,Brad,
671874878652489728,10,10,Mia,
671866342182637568,10,10,Dylan,
671855973984772097,8,10,,
671789708968640512,13,10,Space,
671768281401958400,10,10,,
671763349865160704,9,10,Mark,
671744970634719232,6,10,,
671743150407421952,11,10,,
671735591348891648,11,10,Oscar,
671729906628341761,13,10,,
671561002136281088,13,10,,
671550332464455680,1,10,,
671547767500775424,10,10,Marley,
671544874165002241,6,10,,
671542985629241344,10,10,Jd,
671538301157904385,8,10,Baxter,
671536543010570240,9,10,Reginald,
671533943490011136,6,10,,
671528761649688577,10,10,Jax,
671520732782923777,10,10,Alejandro,
671518598289059840,9,10,Scruffers,
671511350426865664,8,10,Hammond,
671504605491109889,11,10,Charlie,
671497587707535361,11,10,Pip,
671488513339211776,8,10,Julius,
671486386088865792,10,10,Malcolm,
671485057807351808,11,10,Penelope,
671390180817915904,7,10,,
671362598324076544,11,10,Tanner,
671357843010908160,9,10,,
671355857343524864,10,10,Lou,
671347597085433856,9,10,Lola,
671186162933985280,10,10,Sparky,
671182547775299584,12,10,,
671166507850801152,10,10,Herm,
671163268581498880,8,10,,
671159727754231808,5,10,Anthony,
671154572044468225,11,10,Holly,
671151324042559489,12,10,,
671147085991960577,9,10,,
671141549288370177,9,10,,
671138694582165504,10,10,,
671134062904504320,8,10,Clarence,
671122204919246848,4,10,,
671115716440031232,6,10,Phred,
671109016219725825,8,10,Toby,
670995969505435648,12,10,,
670842764863651840,420,10,,
670840546554966016,10,10,Colby,
670838202509447168,4,10,,
670833812859932673,7,10,Jett,
670832455012716544,10,10,Amy,
670826280409919488,2,10,,
670823764196741120,12,10,Remington,
670822709593571328,10,10,,
670815497391357952,10,10,Sage,
670811965569282048,10,10,Maggie,
670807719151067136,11,10,Andy,
670804601705242624,10,10,Mason,
670803562457407488,10,10,,
670797304698376195,11,10,Trigger,
670792680469889025,7,10,Antony,
670789397210615808,9,10,,
670786190031921152,8,10,Creg,
670783437142401025,1,10,,
670782429121134593,5,10,,
670780561024270336,7,10,Traviss,
670778058496974848,10,10,,
670764103623966721,10,10,Vincent,
670755717859713024,9,10,Gin,
670733412878163972,8,10,Jerry,
670727704916926465,10,10,Jeffrie,
670717338665226240,12,10,,
670704688707301377,6,10,Danny,
670691627984359425,8,10,Ester,
670679630144274432,8,10,Pluto,
670676092097810432,8,10,Bloo,
670668383499735048,10,10,Phineas,
670474236058800128,10,10,,
670468609693655041,10,10,Edd,
670465786746662913,7,10,,
670452855871037440,11,10,,
670449342516494336,5,10,,
670444955656130560,10,10,Paull,
670442337873600512,11,10,Koda,
670435821946826752,10,10,,
670434127938719744,11,10,Hank,
670433248821026816,10,10,Sam,
670428280563085312,11,10,Willy,
670427002554466305,9,10,,
670421925039075328,12,10,Herb,
670420569653809152,10,10,Damon,
670417414769758208,6,10,,
670411370698022913,12,10,Scooter,
670408998013820928,10,10,Peanut,
670403879788544000,10,10,Nigel,
670385711116361728,8,10,Larry,
670374371102445568,12,10,Daisy,
670361874861563904,9,10,,
670338931251150849,10,10,Butters,
670319130621435904,11,10,,
670303360680108032,9,10,,
670290420111441920,11,10,Sandra,
670093938074779648,9,10,Wally,
670086499208155136,10,10,,
670079681849372674,10,10,Fabio,
670073503555706880,10,10,Winston,
670069087419133954,5,10,Randall,
670061506722140161,11,10,Liam,
670055038660800512,3,10,Tommy,
670046952931721218,11,10,Ben,
670040295598354432,10,10,,
670037189829525505,5,10,,
670003130994700288,10,10,Raphael,
669993076832759809,9,10,Zoey,
669972011175813120,10,10,,
669970042633789440,10,10,Julio,
669942763794931712,11,10,Andru,
669926384437997569,12,10,,
669923323644657664,10,10,,
669753178989142016,10,10,Chester,
669749430875258880,8,10,Clarence,
669684865554620416,11,10,,
669683899023405056,10,10,Kloey,
669682095984410625,9,10,Louie,
669680153564442624,8,10,Shawwn,
669661792646373376,5,10,,
669625907762618368,12,10,Penny,
669603084620980224,10,10,,
669597912108789760,10,10,Skye,
669583744538451968,6,10,,
669573570759163904,10,10,Linda,
669571471778410496,7,10,Keith,
669567591774625800,9,10,Kollin,
669564461267722241,10,10,,
669393256313184256,10,10,Ronduh,
669375718304980992,6,10,Billl,
669371483794317312,10,10,Oliviér,
669367896104181761,10,10,Chip,
669363888236994561,10,10,,
669359674819481600,11,10,Saydee,
669354382627049472,8,10,Dug,
669353438988365824,10,10,Tessa,
669351434509529089,10,10,Sully,
669328503091937280,12,10,Kirk,
669327207240699904,13,10,,
669324657376567296,11,10,Ralf,
669216679721873412,8,10,Clarq,
669214165781868544,10,10,Jaspers,
669203728096960512,9,10,Samsom,
669037058363662336,10,10,,
669015743032369152,10,10,,
669006782128353280,12,10,Tucker,
669000397445533696,11,10,Terrance,
668994913074286592,5,10,,
668992363537309700,8,10,Harrison,
668989615043424256,3,10,Bernie,
668988183816871936,7,10,,
668986018524233728,9,10,Ruby,
668981893510119424,4,10,,
668979806671884288,12,10,Chaz,
668975677807423489,11,10,Jeremy,
668967877119254528,12,10,,
668960084974809088,10,10,Jaycob,
668955713004314625,10,10,,
668932921458302977,9,10,Herald,
668902994700836864,11,10,Lambeau,
668892474547511297,11,10,Ruffles,
668872652652679168,11,10,Amélie,
668852170888998912,11,10,Bobb,
668826086256599040,10,10,Banditt,
668815180734689280,7,10,,
668779399630725120,10,10,Kevon,
668655139528511488,11,10,Winifred,
668645506898350081,11,10,,
668643542311546881,3,10,,
668641109086707712,10,10,Hanz,
668636665813057536,10,10,,
668633411083464705,10,10,Churlie,
668631377374486528,5,10,Zeek,
668627278264475648,9,10,Timofy,
668625577880875008,10,10,Maks,
668623201287675904,10,10,Jomathan,
668620235289837568,10,10,Kallie,
668614819948453888,7,10,,
668587383441514497,13,10,,
668567822092664832,11,10,Marvin,
668544745690562560,10,10,,
668542336805281792,10,10,,
668537837512433665,8,10,Spark,
668528771708952576,12,10,Gòrdón,
668507509523615744,10,10,,
668496999348633600,8,10,Jo,
668484198282485761,9,10,,
668480044826800133,11,10,Dayz,
668466899341221888,4,10,,
668297328638447616,9,10,,
668291999406125056,10,10,,
668286279830867968,11,10,Rusty,
668274247790391296,10,10,Sophie,
668268907921326080,10,10,,
668256321989451776,13,10,Jareld,
668248472370458624,8,10,Bisquick,
668237644992782336,10,10,Torque,
668226093875376128,10,10,,
668221241640230912,10,10,,
668204964695683073,8,10,Ron,
668190681446379520,12,10,Skittles,
668171859951755264,7,10,,
668154635664932864,9,10,,
668142349051129856,2,10,,
668113020489474048,6,10,Alfie,
667937095915278337,3,10,,
667924896115245057,9,10,Jiminy,
667915453470232577,10,10,Otis,
667911425562669056,5,10,,
667902449697558528,9,10,Cleopatricia,
667886921285246976,11,10,Erik,
667885044254572545,10,10,Stu,
667878741721415682,2,10,Tedrick,
667873844930215936,10,10,,
667866724293877760,10,10,Shaggy,
667861340749471744,9,10,,
667832474953625600,12,10,,
667806454573760512,10,10,Filup,
667801013445750784,12,10,,
667793409583771648,8,10,,
667782464991965184,9,10,,
667773195014021121,8,10,,
667766675769573376,9,10,Calvin,
667728196545200128,11,10,Olive,
667724302356258817,7,10,,
667550904950915073,12,10,,
667550882905632768,5,10,,
667549055577362432,1,10,,
667546741521195010,9,10,George,
667544320556335104,10,10,Kial,
667538891197542400,9,10,,
667534815156183040,8,10,Frank,
667530908589760512,10,10,Naphaniel,
667524857454854144,12,10,,
667517642048163840,8,10,Dook,
667509364010450944,12,10,,
667502640335572993,11,10,Hall,
667495797102141441,9,10,Philippe,
667491009379606528,7,10,,
667470559035432960,11,10,,
667455448082227200,7,10,Reese,
667453023279554560,11,10,Cupcake,
667443425659232256,6,10,,
667437278097252352,10,10,,
667435689202614272,12,10,,
667405339315146752,7,10,Biden,
667393430834667520,8,10,Fwed,
667369227918143488,10,10,,
667211855547486208,9,10,Genevieve,
667200525029539841,11,10,Joshwa,
667192066997374976,12,10,,
667188689915760640,10,10,,
667182792070062081,10,10,Timison,
667177989038297088,8,10,,
667176164155375616,4,10,,
667174963120574464,9,10,Clarence,
667171260800061440,10,10,Kenneth,
667165590075940865,10,10,Churlie,
667160273090932737,11,10,Bradlay,
667152164079423490,12,10,Pipsy,
667138269671505920,10,10,,
667119796878725120,10,10,Gabe,
667090893657276420,7,10,Clybe,
667073648344346624,10,10,Dave,
667070482143944705,10,10,,
667065535570550784,8,10,,
667062181243039745,10,10,Keet,
667044094246576128,12,10,,
667012601033924608,9,10,Klevin,
666996132027977728,10,10,Carll,
666983947667116034,11,10,,
666837028449972224,3,10,,
666835007768551424,10,10,,
666826780179869698,12,10,,
666817836334096384,9,10,Jeph,
666804364988780544,8,10,Jockson,
666786068205871104,2,10,,
666781792255496192,10,10,,
666776908487630848,5,10,Josep,
666739327293083650,10,10,Lugan,
666701168228331520,8,10,,
666691418707132416,8,10,Christoper,
666649482315059201,4,10,,
666644823164719104,9,10,Jimothy,
666454714377183233,10,10,Kreggory,
666447344410484738,9,10,Scout,
666437273139982337,7,10,,
666435652385423360,10,10,,
666430724426358785,6,10,,
666428276349472768,7,10,,
666421158376562688,12,10,,
666418789513326592,10,10,Walter,
666411507551481857,2,10,,
666407126856765440,7,10,,
666396247373291520,9,10,,
666373753744588802,11,10,,
666362758909284353,6,10,,
666353288456101888,8,10,,
666345417576210432,10,10,,
666337882303524864,9,10,,
666293911632134144,3,10,,
666273097616637952,11,10,,
666268910803644416,10,10,,
666104133288665088,1,10,,
666102155909144576,11,10,,
666099513787052032,8,10,,
666094000022159362,9,10,,
666082916733198337,6,10,,
666073100786774016,10,10,,
666071193221509120,9,10,,
666063827256086533,10,10,,
666058600524156928,8,10,,
666057090499244032,9,10,,
666055525042405380,10,10,,
666051853826850816,2,10,,
666050758794694657,10,10,,
666049248165822465,5,10,,
666044226329800704,6,10,,
666033412701032449,9,10,,
666029285002620928,7,10,,
666020888022790149,8,10,,
