892420643555336193,7907,37038
892177421306343426,5875,31874
891815181378084864,3878,24005
891689557279858688,8062,40374
891327558926688256,8745,38584
891087950875897856,2905,19396
890971913173991426,1926,11312
890729181411237888,17644,62484
890609185150312448,4006,26689
890240255349198849,6878,30559
890006608113172480,6853,29420
889880896479866881,4666,26701
889665388333682689,9384,46036
889638837579907072,4214,25947
889531135344209921,2111,14485
889278841981685760,5008,24144
888917238123831296,4203,27887
888804989199671297,3981,24495
888554962724278272,3281,18960
888078434458587136,3249,20846
887705289381826560,5035,28947
887517139158093824,10972,44386
887473957103951883,16875,65981
887343217045368832,9781,32264
887101392804085760,5570,29294
886983233522544640,7176,33583
886736880519319552,3031,11514
886680336477933568,4169,21484
886366144734445568,2980,20273
886267009285017600,4,115
886258384151887873,5903,26781
886054160059072513,101,0
885984800019947520,6314,31237
885528943205470208,5987,34450
885518971528720385,3488,19609
885311592912609280,17346,0
885167619883638784,4091,20987
884925521741709313,16959,74019
884876753390489601,5240,26701
884562892145688576,4409,23284
884441805382717440,5319,25895
884247878851493888,19034,69812
884162670584377345,2789,19512
883838122936631299,3228,20933
883482846933004288,9259,43986
883360690899218434,3465,21716
883117836046086144,6220,35567
882992080364220416,3648,22895
882762694511734784,4584,27094
882627270321602560,5675,26779
882268110199369728,10858,43019
882045870035918850,4587,28096
881906580714921986,3179,23299
881666595344535552,10005,48544
881633300179243008,7,121
881536004380872706,14947,47362
881268444196462592,4909,22214
880935762899988482,2613,16320
880872448815771648,3579,20405
880465832366813184,5844,27326
880221127280381952,3933,25870
880095782870896641,4062,26490
879862464715927552,3274,21420
879674319642796034,10,300
879492040517615616,2980,22485
879415818425184262,41587,101532
879376492567855104,2931,16124
879130579576475649,6378,0
879050749262655488,4388,21606
879008229531029506,2520,18206
878776093423087618,3847,18586
878604707211726852,6706,28953
878404777348136964,1206,0
878316110768087041,6262,0
878281511006478336,1206,7406
878057613040115712,6378,40357
877736472329191424,17852,76277
877611172832227328,74,0
877556246731214848,3573,21792
877316821321428993,4864,26294
877201837425926144,5247,26018
876838120628539392,3132,19883
876537666061221889,4392,22643
876484053909872640,2237,18021
876120275196170240,4387,26836
875747767867523072,4007,24190
875144289856114688,4634,21054
875097192612077568,5718,26372
875021211251597312,4450,24466
874680097055178752,4362,26734
874434818259525634,13746,0
874296783580663808,3881,25030
874057562936811520,3734,21830
874012996292530176,9725,33142
873580283840344065,3710,23289
873337748698140672,1503,0
873213775632977920,1503,6922
872967104147763200,5110,26261
872820683541237760,3503,14182
872620804844003328,3459,19976
872486979161796608,8532,39213
872122724285648897,7674,33148
871879754684805121,10464,36418
871762521631449091,3294,19526
871515927908634625,3284,19452
871166179821445120,5421,0
871102520638267392,5232,20213
871032628920680449,3622,21915
870804317367881728,5881,32483
870726314365509632,3,118
870656317836468226,2503,11976
870374049280663552,25133,80108
870308999962521604,3954,21149
870063196459192321,7915,35415
869772420881756160,9602,41110
869702957897576449,6017,27325
869596645499047938,2989,15479
869227993411051520,3609,19784
868880397819494401,13788,63454
868639477480148993,1987,0
868622495443632128,5067,25910
868552278524837888,1987,9801
867900495410671616,4002,23499
867774946302451713,7033,32985
867421006826221569,2378,15644
867072653475098625,116,0
867051520902168576,7545,31330
866720684873056260,4606,19497
866686824827068416,3330,18752
866450705531457537,33856,118998
866334964761202691,13746,51059
866094527597207552,8058,0
865718153858494464,5397,24993
865359393868664832,4804,25787
865006731092295680,7390,27302
864873206498414592,8379,31466
864279568663928832,2909,14239
864197398364647424,8552,29324
863907417377173506,3983,20115
863553081350529029,4036,14927
863471782782697472,2349,0
863432100342583297,5062,23274
863427515083354112,92,2178
863079547188785154,1067,8579
863062471531167744,2349,8294
862831371563274240,4974,18753
862722525377298433,3421,16703
862457590147678208,4784,20038
862096992088072192,22446,72794
861383897657036800,10375,35359
861288531465048066,4014,16856
861005113778896900,3703,16370
860981674716409858,2089,0
860924035999428608,787,0
860563773140209665,2089,7370
860524505164394496,5151,23202
860276583193509888,3393,18002
860184849394610176,5688,16367
860177593139703809,30122,0
859924526012018688,3986,19225
859851578198683649,3418,15151
859607811541651456,1526,18270
859196978902773760,29395,88363
859074603037188101,13292,33336
858860390427611136,7945,0
858843525470990336,3418,15319
858471635011153920,4738,21170
858107933456039936,2851,15498
857989990357356544,2537,15891
857746408056729600,10396,33765
857393404942143489,1609,5815
857263160327368704,4425,19776
857214891891077121,17,225
857062103051644929,168,0
857029823797047296,3928,18681
856543823941562368,2830,16107
856526610513747968,1848,11741
856330835276025856,655,0
856288084350160898,15,510
856282028240666624,6189,27485
855862651834028034,25,342
855860136149123072,985,4946
855857698524602368,2086,11760
855851453814013952,17686,45191
855818117272018944,5350,26422
855459453768019968,8115,29652
855245323840757760,5896,0
855138241867124737,44,0
854732716440526848,5997,22683
854482394044301312,6827,29149
854365224396361728,4652,18789
854120357044912130,7436,31860
854010172552949760,3134,16144
853760880890318849,5714,28526
853639147608842240,10039,34717
853299958564483072,3536,15489
852936405516943360,1995,0
852912242202992640,1819,9060
852672615818899456,2145,14920
852553447878664193,3489,16319
852311364735569921,9912,33169
852226086759018497,6840,20051
852189679701164033,1582,11483
851861385021730816,19,0
851591660324737024,3477,16285
851464819735769094,7070,24325
851224888060895234,5733,20761
850753642995093505,9188,31028
850380195714523136,2625,13154
850333567704068097,335,3473
850145622816686080,3822,16431
850019790995546112,4896,20546
849776966551130114,7647,30693
849668094696017920,4975,0
849412302885593088,3170,15981
849336543269576704,1915,11493
849051919805034497,8540,42692
848690551926992896,4353,25396
848324959059550208,4626,24971
848213670039564288,740,8272
848212111729840128,3076,16482
847978865427394560,3288,0
847971574464610304,434,0
847962785489326080,5142,23738
847842811428974592,1341,5507
847617282490613760,422,7065
847606175596138505,3450,18965
847251039262605312,4332,20693
847157206088847362,5935,20151
847116187444137987,3220,21671
846874817362120707,3961,20331
846514051647705089,11709,45171
846505985330044928,3105,14285
846153765933735936,9166,32065
846139713627017216,10099,31355
846042936437604353,2906,16207
845812042753855489,8824,29662
845677943972139009,4851,25517
845397057150107648,1832,7746
845306882940190720,5459,23658
845098359547420673,7765,0
844979544864018432,2596,13830
844973813909606400,3251,15323
844580511645339650,3176,16732
844223788422217728,2235,13842
843981021012017153,2990,15388
843856843873095681,4699,21795
843604394117681152,2789,17161
843235543001513987,6117,21866
842846295480000512,3693,15485
842765311967449089,1306,6873
842535590457499648,3566,18394
842163532590374912,5896,24879
842115215311396866,3086,14248
841833993020538882,15457,0
841680585030541313,7939,26150
841439858740625411,3756,12886
841320156043304961,5594,20147
841314665196081154,4762,16111
841077006473256960,5421,23273
840761248237133825,1795,0
840728873075638272,16492,0
840698636975636481,2,178
840696689258311684,996,12503
840632337062862849,1795,9156
840370681858686976,4646,16783
840268004936019968,5853,19653
839990271299457024,2338,13689
839549326359670784,7945,28035
839290600511926273,146,0
839239871831150596,6679,27739
838952994649550848,4083,20029
838921590096166913,2106,11388
838916489579200512,35,0
838831947270979586,11278,0
838561493054533637,1362,11146
838476387338051585,4894,23052
838201503651401729,10310,0
838150277551247360,340,1710
838085839343206401,1,144
838083903487373313,3220,18005
837820167694528512,8058,34913
837482249356513284,448,3924
837471256429613056,2329,13082
837110210464448512,2431,16406
836989968035819520,2340,13022
836753516572119041,4763,19732
836677758902222849,2276,12900
836648853927522308,563,0
836397794269200385,28285,0
836380477523124226,3056,15102
836260088725786625,4406,21792
836001077879255040,4370,19543
835685285446955009,8353,0
835574547218894849,3704,18214
835536468978302976,1745,0
835309094223372289,21599,0
835297930240217089,3090,16845
835264098648616962,1745,7908
835246439529840640,73,2154
835172783151792128,5914,26797
835152434251116546,3110,22989
834931633769889797,1693,11088
834786237630337024,5627,21788
834574053763584002,2608,14019
834477809192075265,10979,0
834458053273591808,1729,9856
834209720923721728,4896,21133
834167344700198914,3757,16187
834089966724603904,2193,10301
834086379323871233,2268,13395
833863086058651648,2466,13733
833826103416520705,3869,18469
833732339549220864,221,0
833722901757046785,3312,21279
833479644947025920,2106,15230
833124694597443584,4975,20691
832998151111966721,2274,13637
832769181346996225,39,0
832757312314028032,3725,17280
832682457690300417,3018,12195
832645525019123713,540,3008
832636094638288896,2870,16274
832397543355072512,2282,12254
832369877331693569,3288,17632
832273440279240704,2407,11630
832215909146226688,6410,0
832215726631055365,9659,0
832088576586297345,2,65
832040443403784192,9945,0
832032802820481025,4809,18343
831939777352105988,6329,24634
831926988323639298,34,350
831911600680497154,6716,28407
831670449226514432,1873,10731
831650051525054464,1995,7371
831552930092285952,2374,9232
831322785565769729,1592,9502
831315979191906304,1155,6717
831309418084069378,2532,12068
831262627380748289,2110,12234
830956169170665475,1540,8194
830583320585068544,17346,68764
830173239259324417,5897,0
830097400375152640,3067,10114
829878982036299777,5201,0
829861396166877184,2019,12580
829501995190984704,10979,32663
829449946868879360,2095,10767
829141528400556032,7630,25147
829011960981237760,16856,54614
828801551087042563,3525,0
828770345708580865,6076,26312
828708714936930305,11621,37650
828650029636317184,1405,9796
828409743546925057,1199,6516
828408677031882754,1337,7911
828381636999917570,2297,12998
828376505180889089,1110,7613
828372645993398273,3050,12941
828361771580813312,176,2270
828046555563323392,2958,12116
828011680017821696,2223,10657
827933404142436356,5425,20719
827653905312006145,3108,15938
827600520311402496,975,7644
827324948884643840,3162,16326
827199976799354881,2315,10891
826958653328592898,5201,22222
826848821049180160,10566,37531
826615380357632002,4118,0
826598799820865537,264,5273
826598365270007810,2433,10366
826476773533745153,4367,18992
826240494070030336,2701,13692
826204788643753985,964,5026
826115272272650244,3249,16130
825876512159186944,1947,10773
825829644528148480,2579,13138
825535076884762624,17947,53892
825147591692263424,4713,18900
825120256414846976,1322,0
825026590719483904,1322,6542
824796380199809024,5702,0
824775126675836928,3655,15415
824663926340194305,1806,10420
824325613288833024,10887,12205
824297048279236611,4017,15579
824025158776213504,616,4960
823939628516474880,2811,10980
823719002937630720,11652,0
823699002998870016,2616,14409
823581115634085888,2740,13459
823333489516937216,26,720
823322678127919110,4188,16260
823269594223824897,10295,0
822975315408461824,3583,17869
822872901745569793,45147,136480
822859134160621569,2388,13712
822647212903690241,6668,0
822610361945911296,3066,15290
822489057087389700,6668,18794
822462944365645825,15030,29219
822244816520155136,10295,36215
822163064745328640,4999,0
821886076407029760,2418,11727
821813639212650496,3487,0
821765923262631936,1718,8708
821522889702862852,1843,8302
821421320206483457,5830,0
821407182352777218,4520,12204
821153421864615936,10,264
821149554670182400,2087,8989
821107785811234820,2221,9922
821044531881721856,2376,13096
820837357901512704,7025,0
820749716845686786,10310,32672
820690176645140481,3370,12635
820494788566847489,591,0
820446719150292993,2687,0
820314633777061888,591,3460
820078625395449857,6535,20525
820013781606658049,1236,0
819952236453363712,1236,5521
819924195358416896,5071,13358
819711362133872643,3248,13930
819588359383371776,2063,9961
819347104292290561,1256,7481
819238181065359361,423,2369
819227688460238848,7025,23943
819015337530290176,38423,0
819015331746349057,19752,0
819006400881917954,19752,46903
819004803107983360,38423,90101
818646164899774465,21887,0
818627210458333184,7865,23215
818614493328580609,2686,10216
818588835076603904,6409,0
818536468981415936,2583,11331
818307523543449600,8483,0
818259473185828864,2383,11440
818145370475810820,2692,12746
817908911860748288,835,5036
817827839487737858,28285,53719
817777686764523521,2817,11135
817536400337801217,3120,12236
817502432452313088,3537,0
817423860136083457,15457,35296
817415592588222464,1003,5823
817181837579653120,8852,0
817171292965273600,2113,9082
817120970343411712,2720,12670
817056546584727552,1718,8909
816829038950027264,4924,0
816816676327063552,2136,10410
816697700272001025,2293,10169
816450570814898180,8483,31732
816336735214911488,2037,8940
816091915477250048,2246,9278
816062466425819140,1077,0
816014286006976512,5522,0
815990720817401858,1077,5168
815966073409433600,8852,23286
815745968457060357,4332,0
815736392542261248,2374,10227
815639385530101762,1723,8546
815390420867969024,3986,10771
814986499976527872,1340,7960
814638523311648768,2832,11722
814578408554463233,6109,0
814530161257443328,1941,8999
814153002265309185,9082,29963
813944609378369540,3335,0
813910438903693312,1956,9679
813812741911748608,14647,37885
813800681631023104,1844,8677
813217897535406080,7652,19433
813202720496779264,1886,9590
813187593374461952,4579,20659
813172488309972993,2012,9683
813157409116065792,2322,8081
813142292504645637,2484,8809
813130366689148928,470,4655
813127251579564032,3272,12340
813112105746448384,2886,10736
813096984823349248,3789,10964
813081950185472002,2899,10282
813066809284972545,2046,8296
813051746834595840,7713,21817
812781120811126785,2002,7893
812709060537683968,1497,6894
812503143955202048,1289,6318
812466873996607488,2021,8302
812372279581671427,3848,14264
811985624773361665,1471,7567
811744202451197953,1676,7856
811647686436880384,779,5831
811627233043480576,3247,13307
811386762094317568,6694,21777
810984652412424192,1514,5566
810896069567610880,1860,9411
810657578271330305,2784,11448
810284430598270976,11916,36803
810254108431155201,3525,15306
809920764300447744,4118,16144
809808892968534016,5139,0
809448704142938112,1535,7240
809220051211603969,5897,20771
809084759137812480,3706,13794
808838249661788160,3200,10545
808733504066486276,2277,8264
808501579447930884,2735,11778
808344865868283904,21887,44402
808134635716833280,6237,0
808106460588765185,2318,9146
808001312164028416,3712,13105
807621403335917568,3834,15198
807106840509214720,58339,123683
807059379405148160,7707,0
807010152071229440,4045,13626
806629075125202948,36461,78143
806620845233815552,5812,0
806576416489959424,2042,5082
806542213899489280,2476,10668
806242860592926720,12233,0
806219024703037440,1247,6713
805958939288408065,5643,0
805932879469572096,2012,8637
805826884734976000,1923,6851
805823200554876929,8445,0
805520635690676224,1731,5999
805487436403003392,2662,9166
805207613751304193,1799,8140
804738756058218496,4032,14306
804475857670639616,2117,6395
804413760345620481,3386,0
804026241225523202,16981,46539
803773340896923648,2896,10492
803692223237865472,7811,0
803638050916102144,4336,11434
803380650405482500,1952,8105
803321560782307329,5583,0
803276597545603072,2588,10485
802952499103731712,2106,9414
802624713319034886,3062,0
802600418706604034,1544,7415
802572683846291456,2632,9338
802323869084381190,6134,16918
802265048156610565,1432,7034
802239329049477120,2742,9466
802185808107208704,280,0
801958328846974976,1790,8062
801854953262350336,249,1850
801538201127157760,2170,8560
801285448605831168,863,6317
801167903437357056,6237,25586
801127390143516673,4149,0
801115127852503040,2207,8438
800859414831898624,100,718
800855607700029440,1694,0
800751577355128832,2927,11004
800513324630806528,3155,13715
800459316964663297,2271,9910
800443802682937345,4538,0
800388270626521089,2947,11654
800188575492947969,4159,0
800141422401830912,2687,15986
800018252395122689,13841,29669
799774291445383169,4926,0
799757965289017345,2269,8768
799422933579902976,2023,8409
799308762079035393,5763,0
799297110730567681,2903,10334
799063482566066176,2595,8442
798933969379225600,4717,13704
798925684722855936,1504,7795
798705661114773508,6963,0
798701998996647937,8190,0
798697898615730177,6838,0
798694562394996736,5224,0
798686750113755136,2447,0
798682547630837760,4953,0
798673117451325440,5836,0
798665375516884993,4097,0
798644042770751489,1950,0
798628517273620480,2069,0
798585098161549313,5998,0
798576900688019456,6134,0
798340744599797760,3535,0
798209839306514432,2691,10865
797971864723324932,3277,12140
797545162159308800,5110,15164
797236660651966464,6960,20858
797165961484890113,28,234
796904159865868288,9369,0
796865951799083009,2011,8027
796759840936919040,3217,12389
796563435802726400,7665,0
796484825502875648,1853,7923
796387464403357696,4367,11493
796177847564038144,15041,0
796149749086875649,15041,33760
796125600683540480,1891,5179
796116448414461957,2539,9529
796080075804475393,2435,8839
796031486298386433,3894,11297
795464331001561088,24940,51941
795400264262053889,3037,10535
795076730285391872,5702,16946
794983741416415232,3543,0
794926597468000259,2425,10737
794355576146903043,10834,0
794332329137291264,2797,10002
794205286408003585,3491,9627
793962221541933056,5139,17573
793845145112371200,1967,9633
793614319594401792,3286,0
793601777308463104,1704,8335
793500921481273345,2498,11163
793286476301799424,9659,25713
793271401113350145,2510,9077
793256262322548741,8774,20890
793241302385262592,3450,10984
793226087023144960,3019,10286
793210959003287553,2940,9328
793195938047070209,5918,15962
793180763617361921,2104,7253
793165685325201412,2927,9840
793150605191548928,1791,6462
793135492858580992,2611,6756
793120401413079041,4114,13269
792913359805018113,4183,14979
792883833364439040,4486,11813
792773781206999040,1767,7680
792394556390137856,4508,14033
792050063153438720,1897,7496
791821351946420224,22140,0
791784077045166082,10095,0
791780927877898241,4002,0
791774931465953280,23337,47115
791672322847637504,3286,12264
791406955684368384,4332,13705
791312159183634433,2661,9172
791026214425268224,4306,0
790987426131050500,2239,10303
790946055508652032,4924,17390
790723298204217344,2434,0
790698755171364864,2018,8568
790581949425475584,7544,21576
790337589677002753,1969,8164
790277117346975746,3335,13115
790227638568808452,3758,0
789986466051088384,2434,9652
789960241177853952,4333,0
789903600034189313,4331,10841
789628658055020548,1868,7849
789599242079838210,2019,7065
789530877013393408,3543,12282
789314372632018944,2406,9005
789280767834746880,5186,0
789268448748703744,2725,9514
789137962068021249,2942,10131
788908386943430656,13055,28603
788765914992902144,10834,28616
788552643979468800,7570,0
788412144018661376,5527,16246
788178268662984705,2198,7537
788150585577050112,1359,6399
788070120937619456,3602,0
788039637453406209,1386,6413
787810552592695296,3216,9055
787717603741622272,2915,10675
787397959788929025,2980,11323
787322443945877504,1826,8122
787111942498508800,7064,0
786963064373534720,8353,27741
786729988674449408,2523,0
786709082849828864,6410,19006
786664955043049472,2674,11089
786595970293370880,3270,9811
786363235746385920,3679,11359
786286427768250368,2997,8307
786233965241827333,4999,15931
786051337297522688,160,1484
786036967502913536,7388,0
785927819176054784,3327,11865
785872687017132033,1918,6973
785639753186217984,2332,8154
785533386513321988,2092,9491
785515384317313025,1326,6366
785264754247995392,1710,7551
785170936622350336,5080,12567
784826020293709826,3386,10547
784517518371221505,2659,9334
784431430411685888,1346,5947
784183165795655680,8445,20952
784057939640352768,11652,31063
783839966405230592,11278,31262
783821107061198850,2050,7661
783695101801398276,3360,10875
783466772167098368,2346,8796
783391753726550016,5757,17566
783347506784731136,5840,0
783334639985389568,12233,30362
783085703974514689,2319,8488
782969140009107456,7707,25108
782747134529531904,1465,7779
782722598790725632,5643,17966
782598640137187329,1967,8107
782305867769217024,5830,17329
782021823840026624,6489,0
781955203444699136,3518,11570
781661882474196992,2837,10874
781655249211752448,1174,4158
781524693396357120,5812,21581
781308096455073793,2663,7425
781251288990355457,2180,8769
781163403222056960,2858,10182
780931614150983680,7665,22488
780858289093574656,2096,7474
780800785462489090,1364,5711
780601303617732608,3487,12596
780543529827336192,1810,6545
780496263422808064,3863,0
780476555013349377,119,0
780459368902959104,1121,5497
780192070812196864,2338,9047
780092040432480260,2408,0
780074436359819264,5190,12708
779834332596887552,7388,19683
779377524342161408,3239,9159
779124354206535695,19175,0
779056095788752897,4723,15353
778990705243029504,7540,20797
778774459159379968,10370,0
778764940568104960,381,898
778748913645780993,1374,7164
778650543019483137,1573,5992
778624900596654080,1056,4813
778408200802557953,4529,14173
778396591732486144,12761,0
778383385161035776,1146,6068
778286810187399168,3434,10800
778039087836069888,2750,8809
778027034220126208,1688,6794
777953400541634568,3690,0
777885040357281792,1699,6607
777684233540206592,3062,11646
777641927919427584,4413,0
777621514455814149,2598,9097
777189768882946048,4483,14837
776819012571455488,14282,0
776813020089548800,1264,5073
776477788987613185,2891,9179
776249906839351296,9529,0
776218204058357768,16578,31085
776201521193218049,2622,9970
776113305656188928,4538,12184
776088319444877312,158,1906
775898661951791106,17224,0
775842724423557120,2779,12160
775733305207554048,4149,14350
775729183532220416,4782,13414
775364825476165632,3102,7678
775350846108426240,4065,10547
775085132600442880,4926,16123
774757898236878852,1854,8884
774639387460112384,1794,6965
774314403806253056,5763,22564
773985732834758656,4035,11114
773922284943896577,1817,6632
773704687002451968,1694,6848
773670353721753600,1354,5528
773547596996571136,6409,22911
773336787167145985,5297,0
773308824254029826,7765,24096
773247561583001600,3374,9759
773191612633579521,4299,10350
772877495989305348,4030,8877
772826264096874500,2441,8320
772615324260794368,3509,0
772581559778025472,1755,6727
772193107915964416,1443,6252
772152991789019136,1168,3935
772117678702071809,767,3902
772114945936949249,485,2807
772102971039580160,967,4146
771908950375665664,1976,6803
771770456517009408,3535,12412
771500966810099713,2705,8546
771380798096281600,5297,10859
771171053431250945,7815,0
771136648247640064,3036,9469
771102124360998913,1486,6463
771014301343748096,1713,7120
771004394259247104,224,0
770787852854652928,1250,5110
770772759874076672,1470,5363
770655142660169732,1821,7560
770414278348247044,2170,6528
770293558247038976,1538,6455
770093767776997377,3166,0
770069151037685760,2382,7834
769940425801170949,9945,32473
769695466921623552,1722,6614
769335591808995329,8012,0
769212283578875904,1776,5589
768970937022709760,6763,14904
768909767477751808,2792,0
768855141948723200,922,4346
768609597686943744,1245,4252
768596291618299904,1331,5214
768554158521745409,6052,0
768473857036525572,3560,14110
768193404517830656,3690,11270
767884188863397888,1442,4925
767754930266464257,5583,16576
767500508068192258,2427,7736
767191397493538821,3922,12689
767122157629476866,2964,10482
766864461642756096,5862,0
766793450729734144,1403,5254
766714921925144576,392,2688
766693177336135680,822,4151
766423258543644672,1654,6209
766313316352462849,1952,7014
766078092750233600,2718,0
766069199026450432,886,4384
766008592277377025,517,3877
765719909049503744,2221,7486
765669560888528897,1263,5357
765395769549590528,3503,27387
765371061932261376,2238,7316
765222098633691136,3509,12007
764857477905154048,1833,6655
764259802650378240,1561,6226
763956972077010945,57,772
763837565564780549,4306,12998
763183847194451968,1533,5556
763167063695355904,3134,0
763103485927849985,2360,7587
762699858130116608,3758,12546
762471784394268675,6686,11617
762464539388485633,4333,10633
762316489655476224,1158,4957
762035686371364864,16135,32964
761976711479193600,2076,5565
761750502866649088,4065,0
761745352076779520,886,4394
761672994376806400,30122,51094
761599872357261312,1222,4252
761371037149827077,18701,0
761334018830917632,1503,5359
761292947749015552,1126,4605
761227390836215808,1618,5467
761004547850530816,3602,11683
760893934457552897,1010,3927
760656994973933572,1976,6814
760641137271070720,1333,5117
760539183865880579,3752,7820
760521673607086080,1444,4364
760290219849637889,11908,27655
760252756032651264,899,4060
760190180481531904,1868,5872
759943073749200896,2153,6117
759923798737051648,5862,15124
759846353224826880,2037,6919
759793422261743616,1961,6144
759566828574212096,21802,0
759557299618865152,1221,4846
759447681597108224,2523,8762
759446261539934208,501,1723
759197388317847553,2014,6243
759159934323924993,1206,0
759099523532779520,4309,14952
759047813560868866,2099,6691
758854675097526272,924,3653
758828659922702336,3973,11528
758740312047005698,1659,5898
758474966123810816,1031,3926
758467244762497024,2296,4947
758405701903519748,1977,5353
758355060040593408,1114,3517
758099635764359168,10370,19709
758041019896193024,385,2784
757741869644341248,3363,7081
757729163776290825,8282,0
757725642876129280,1252,4667
757611664640446465,1143,4701
757597904299253760,306,0
757596066325864448,1083,4464
757400162377592832,7069,15592
757393109802180609,1793,5995
757354760399941633,1473,4659
756998049151549440,2047,6470
756939218950160384,2072,6837
756651752796094464,1351,5212
756526248105566208,3711,10709
756303284449767430,1126,4061
756288534030475264,18006,44061
756275833623502848,1580,6611
755955933503782912,2970,7538
755206590534418437,5512,16927
755110668769038337,11448,21852
754874841593970688,8186,0
754856583969079297,2605,7083
754747087846248448,540,2653
754482103782404096,2015,5463
754449512966619136,751,3861
754120377874386944,2429,8080
753655901052166144,2229,5999
753420520834629632,3674,8149
753398408988139520,1973,5940
753375668877008896,2408,7863
753298634498793472,5898,0
753294487569522689,1073,3472
753039830821511168,21599,38175
753026973505581056,1004,4023
752932432744185856,7064,12992
752917284578922496,1630,7093
752701944171524096,2962,0
752682090207055872,1646,6154
752660715232722944,1610,4517
752568224206688256,2356,5679
752519690950500352,3542,7559
752334515931054080,1140,3920
752309394570878976,16874,0
752173152931807232,1888,6100
751950017322246144,952,3152
751937170840121344,1378,5338
751830394383790080,2010,5954
751793661361422336,2985,6016
751598357617971201,3124,8127
751583847268179968,1141,4521
751538714308972544,1301,5182
751456908746354688,1029,3295
751251247299190784,6064,12845
751205363882532864,1882,6490
751132876104687617,1334,5195
750868782890057730,1420,4911
750719632563142656,5186,13543
750506206503038976,1177,4559
750429297815552001,4414,13519
750383411068534784,1184,4680
750381685133418496,29,725
750147208377409536,986,3194
750132105863102464,1331,3726
750117059602808832,1350,4449
750101899009982464,865,3127
750086836815486976,555,2224
750071704093859840,3430,8075
750056684286914561,923,3237
750041628174217216,640,3256
750026558547456000,809,2778
750011400160841729,934,3318
749996283729883136,842,3144
749981277374128128,2521,5244
749774190421639168,1358,4775
749417653287129088,1692,6252
749403093750648834,551,2690
749395845976588288,3548,8819
749317047558017024,2288,5623
749075273010798592,2131,5891
749064354620928000,1562,4913
749036806121881602,810,3186
748977405889503236,3497,11016
748932637671223296,2328,5974
748705597323898880,972,2837
748699167502000129,1641,4861
748692773788876800,1361,4341
748575535303884801,2031,6222
748568946752774144,684,2243
748346686624440324,1262,5342
748337862848962560,4213,7854
748324050481647620,780,3772
748307329658011649,727,3757
748220828303695873,8017,14503
747963614829678593,2203,5908
747933425676525569,2614,6780
747885874273214464,1004,3020
747844099428986880,768,2879
747816857231626240,1192,4965
747651430853525504,159,1419
747648653817413632,6003,13230
747600769478692864,566,2375
747594051852075008,1075,3768
747512671126323200,1641,5669
747461612269887489,1064,3961
747439450712596480,1966,5558
747242308580548608,2958,0
747219827526344708,1617,5407
747204161125646336,941,3455
747103485104099331,4073,9804
746906459439529985,307,2962
746872823977771008,2181,6117
746818907684614144,1775,5425
746790600704425984,1633,4988
746757706116112384,4002,9794
746726898085036033,1840,6193
746542875601690625,1919,5157
746521445350707200,1008,0
746507379341139972,1107,4755
746369468511756288,1673,6321
746131877086527488,2265,7074
746056683365994496,829,3625
745789745784041472,1096,4113
745712589599014916,2386,7158
745433870967832576,2603,7242
745422732645535745,2496,8788
745314880350101504,2831,7332
745074613265149952,3605,8014
745057283344719872,2329,7401
744995568523612160,636,3031
744971049620602880,2753,8061
744709971296780288,1607,5735
744334592493166593,2181,6933
744234799360020481,80017,160069
744223424764059648,377,1714
743980027717509120,1120,4261
743895849529389061,980,3722
743835915802583040,2138,0
743609206067040256,1409,4582
743595368194129920,6711,18837
743545585370791937,966,3612
743510151680958465,3800,8083
743253157753532416,1254,4321
743222593470234624,1944,6343
743210557239623680,1404,3928
742534281772302336,3643,7209
742528092657332225,2025,4526
742465774154047488,3974,7421
742423170473463808,3863,10024
742385895052087300,2020,6947
742161199639494656,1412,4441
742150209887731712,1576,5255
741793263812808706,1541,4651
741743634094141440,2832,8345
741438259667034112,852,3748
741303864243200000,3296,8969
741099773336379392,5638,10229
741067306818797568,3166,9681
740995100998766593,2805,6514
740711788199743490,960,3483
740699697422163968,800,2906
740676976021798912,6963,18537
740373189193256964,13604,35659
740365076218183684,440,2515
740359016048689152,877,3366
740214038584557568,2011,6826
739979191639244800,6052,20371
739932936087216128,1104,4128
739844404073074688,874,3886
739623569819336705,1383,3857
739606147276148736,1688,5476
739544079319588864,21802,40409
739485634323156992,2999,7313
739238157791694849,59315,118223
738891149612572673,6,112
738885046782832640,1166,3841
738883359779196928,814,3376
738537504001953792,1586,5196
738402415918125056,858,3306
738184450748633089,1238,4406
738166403467907072,3451,8956
738156290900254721,661,2559
737826014890496000,1803,5376
737800304142471168,3545,10183
737678689543020544,1360,5139
737445876994609152,4552,10475
737322739594330112,829,3667
737310737551491075,7557,14981
736736130620620800,1768,4376
736392552031657984,7570,18054
736365877722001409,1273,4058
736225175608430592,2836,8274
736010884653420544,3061,8039
735991953473572864,1177,3664
735648611367784448,1128,4091
735635087207878657,2387,6292
735274964362878976,5156,13244
735256018284875776,901,3395
735137028879360001,989,3184
734912297295085568,532,2790
734787690684657664,6410,12793
734776360183431168,555,2553
734559631394082816,404,1512
733828123016450049,802,3638
733822306246479872,1035,3737
733482008106668032,964,3201
733460102733135873,1311,4285
733109485275860992,17224,51142
732732193018155009,547,2487
732726085725589504,906,3610
732585889486888962,788,3740
732375214819057664,2567,8228
732005617171337216,5522,15177
731285275100512256,1003,3549
731156023742988288,1295,3903
730924654643314689,2018,6259
730573383004487680,2171,5008
730427201120833536,1066,3544
730211855403241472,1071,3899
730196704625098752,1949,4951
729854734790754305,1152,4118
729838605770891264,391,1747
729823566028484608,1269,4053
729463711119904772,2362,5897
729113531270991872,330,1913
728986383096946689,832,3204
728760639972315136,1742,4756
728751179681943552,688,2823
728653952833728512,1055,3368
728409960103686147,2046,5008
728387165835677696,978,3743
728046963732717569,1209,4391
728035342121635841,1692,4643
728015554473250816,1126,4178
727685679342333952,649,3005
727644517743104000,1778,5989
727524757080539137,1247,4548
727314416056803329,760,3394
727286334147182592,825,3099
727175381690781696,1410,3965
727155742655025152,1356,3696
726935089318363137,2502,7019
726887082820554753,1547,3904
726828223124897792,1020,3626
726224900189511680,1167,4488
725842289046749185,2718,7176
725786712245440512,1388,4231
725729321944506368,1825,5286
725458796924002305,628,1435
724983749226668032,1338,3776
724771698126512129,650,2401
724405726123311104,1674,5368
724049859469295616,1808,4400
724046343203856385,572,2701
724004602748780546,1592,4242
723912936180330496,1258,3970
723688335806480385,3005,7802
723673163800948736,908,3064
723179728551723008,1889,5372
722974582966214656,1584,4167
722613351520608256,1658,5046
721503162398597120,1896,4708
721001180231503872,625,2571
720785406564900865,780,3165
720775346191278080,679,2523
720415127506415616,1524,4204
720389942216527872,2553,6493
720340705894408192,990,2919
720059472081784833,1138,3932
720043174954147842,2046,4984
719991154352222208,1775,4913
719704490224398336,1467,4630
719551379208073216,1949,5146
719367763014393856,755,2844
719339463458033665,1265,4494
719332531645071360,972,3478
718971898235854848,1096,3544
718939241951195136,1794,5333
718631497683582976,8190,19153
718613305783398402,490,2471
718540630683709445,1029,2517
718460005985447936,531,2751
718454725339934721,1528,4941
718246886998687744,509,1964
718234618122661888,1018,3942
717841801130979328,610,2503
717790033953034240,1136,2928
717537687239008257,1879,5860
717428917016076293,456,1634
717421804990701568,859,3200
717047459982213120,1965,6392
717009362452090881,990,3309
716802964044845056,1195,4370
716791146589110272,1559,7443
716730379797970944,435,1256
716447146686459905,5989,13299
716439118184652801,214,2412
716285507865542656,1085,2821
716080869887381504,1941,6855
715928423106027520,893,3251
715758151270801409,1458,3788
715733265223708672,1714,4742
715704790270025728,572,2851
715696743237730304,1313,3975
715680795826982913,1647,4395
715360349751484417,1600,5564
715342466308784130,704,3087
715220193576927233,662,2459
715200624753819648,1918,5228
715009755312439296,1256,4237
714982300363173890,1052,3812
714962719905021952,4352,7477
714957620017307648,1431,4201
714631576617938945,1017,3331
714606013974974464,943,3693
714485234495041536,1158,2734
714258258790387713,730,3078
714251586676113411,844,3327
714214115368108032,892,2313
714141408463036416,1424,4384
713919462244790272,797,3349
713909862279876608,546,1947
713900603437621249,754,2882
713761197720473600,1402,4963
713411074226274305,1320,4506
713177543487135744,2885,7348
713175907180089344,1489,4543
712809025985978368,6838,18871
712717840512598017,5084,12553
712668654853337088,1233,4243
712438159032893441,1590,5422
712309440758808576,25,246
712097430750289920,1058,3849
712092745624633345,904,2990
712085617388212225,495,3317
712065007010385924,641,2307
711998809858043904,130,0
711968124745228288,2355,8200
711743778164514816,1002,2905
711732680602345472,4194,9018
711694788429553666,18701,33437
711652651650457602,931,3922
711363825979756544,1159,3726
711306686208872448,747,3376
711008018775851008,621,3047
710997087345876993,1405,4646
710844581445812225,705,2594
710833117892898816,545,2739
710658690886586372,571,2358
710609963652087808,2420,4870
710588934686908417,1903,4632
710296729921429505,750,2413
710283270106132480,526,2184
710272297844797440,1270,4615
710269109699739648,1146,2433
710153181850935296,908,2954
710140971284037632,900,2816
710117014656950272,2026,5596
709918798883774466,1084,3048
709901256215666688,102,678
709852847387627521,1221,3582
709566166965075968,1222,3607
709556954897764353,1090,3359
709519240576036864,240,1517
709449600415961088,587,2272
709409458133323776,698,2668
709225125749587968,582,2450
709207347839836162,5925,12804
709198395643068416,658,2472
709179584944730112,678,2043
709158332880297985,424,2076
709042156699303936,1669,4833
708853462201716736,665,1819
708845821941387268,912,3053
708834316713893888,509,1712
708810915978854401,7056,16773
708738143638450176,835,2797
708711088997666817,735,2582
708479650088034305,688,2598
708469915515297792,831,3154
708400866336894977,10283,16296
708356463048204288,1344,3654
708349470027751425,751,2392
708149363256774660,1579,4357
708130923141795840,861,3446
708119489313951744,1002,2737
708109389455101952,556,1979
708026248782585858,1956,4456
707995814724026368,1145,3192
707983188426153984,2,51
707969809498152960,982,2760
707776935007539200,970,3341
707741517457260545,627,2539
707738799544082433,2520,4168
707693576495472641,1019,3488
707629649552134146,895,2618
707610948723478529,6489,17292
707420581654872064,708,2314
707411934438625280,607,2335
707387676719185920,1312,3567
707377100785885184,1104,3346
707315916783140866,657,2524
707297311098011648,801,2831
707059547140169728,689,2639
707038192327901184,803,2230
707021089608753152,1399,4164
707014260413456384,602,2343
706904523814649856,8012,14858
706901761596989440,607,2101
706681918348251136,992,3389
706644897839910912,1120,2622
706593038911545345,645,2203
706538006853918722,1454,3529
706516534877929472,1049,3160
706346369204748288,945,3513
706310011488698368,8111,21766
706291001778950144,481,1728
706265994973601792,947,2782
706169069255446529,2261,3978
706166467411222528,1636,5256
706153300320784384,387,1513
705975130514706432,742,3169
705970349788291072,911,3211
705898680587526145,565,2409
705786532653883392,528,1978
705591895322394625,1175,3233
705475953783398401,935,3010
705442520700944385,1660,4523
705428427625635840,1720,3881
705239209544720384,764,3058
705223444686888960,808,2623
705102439679201280,522,2187
705066031337840642,628,2220
704871453724954624,1134,4345
704859558691414016,552,2294
704847917308362754,1560,5194
704819833553219584,1007,2695
704761120771465216,2958,6751
704499785726889984,1029,2987
704491224099647488,81,773
704480331685040129,1088,3457
704364645503647744,3629,8162
704347321748819968,357,1613
704134088924532736,474,1531
704113298707505153,576,1884
704054845121142784,930,2986
703774238772166656,475,1872
703769065844768768,1161,3346
703631701117943808,693,2638
703611486317502464,1556,3931
703425003149250560,1388,3863
703407252292673536,709,2500
703382836347330562,1161,3583
703356393781329922,392,1948
703268521220972544,556,2005
703079050210877440,3154,7537
703041949650034688,12761,26853
702932127499816960,739,2643
702899151802126337,462,1633
702684942141153280,1087,3292
702671118226825216,568,2244
702598099714314240,3508,12441
702539513671897089,977,2935
702332542343577600,1578,3250
702321140488925184,1058,3331
702276748847800320,780,2518
702217446468493312,1369,4890
701981390485725185,1009,3518
701952816642965504,1046,3904
701889187134500865,1414,3603
701805642395348998,1713,3493
701601587219795968,466,2128
701570477911896070,945,2872
701545186879471618,621,2710
701214700881756160,5224,12465
700890391244103680,577,2257
700864154249383937,630,2644
700847567345688576,511,2493
700796979434098688,965,2487
700747788515020802,9529,23321
700518061187723268,810,2666
700505138482569216,587,2332
700462010979500032,1828,4212
700167517596164096,756,2686
700151421916807169,685,2279
700143752053182464,2792,7679
700062718104104960,705,2704
700029284593901568,601,2114
700002074055016451,1366,3381
699801817392291840,972,3125
699788877217865730,514,2277
699779630832685056,1270,2810
699775878809702401,612,1994
699691744225525762,4718,10477
699446877801091073,2669,6063
699434518667751424,525,2213
699423671849451520,334,1399
699413908797464576,632,2113
699370870310113280,451,1928
699323444782047232,880,3223
699088579889332224,648,2285
699079609774645248,672,2503
699072405256409088,1216,3049
699060279947165696,1842,3845
699036661657767936,1219,2657
698989035503689728,1001,3438
698953797952008193,926,2751
698907974262222848,639,2594
698710712454139905,695,2520
698703483621523456,389,1477
698635131305795584,347,1315
698549713696649216,636,2376
698355670425473025,460,1905
698342080612007937,969,2306
698262614669991936,2044,4854
698195409219559425,6109,17095
698178924120031232,759,2867
697995514407682048,338,1548
697990423684476929,1319,3355
697943111201378304,698,2440
697881462549430272,1209,3079
697630435728322560,550,1788
697616773278015490,1032,3226
697596423848730625,1285,3085
697575480820686848,509,2073
697516214579523584,1143,2108
697482927769255936,688,2464
697463031882764288,1419,3483
697270446429966336,1919,4779
697259378236399616,1026,3356
697255105972801536,1187,3088
697242256848379904,683,2568
696900204696625153,1041,3235
696894894812565505,691,2382
696886256886657024,1840,4962
696877980375769088,720,2481
696754882863349760,369,1512
696744641916489729,959,2111
696713835009417216,663,2421
696518437233913856,1740,3981
696490539101908992,145,1235
696488710901260288,1039,2590
696405997980676096,1175,3264
696100768806522880,670,1972
695816827381944320,1188,3064
695794761660297217,794,3225
695767669421768709,765,1904
695629776980148225,2145,4670
695446424020918272,1849,4480
695409464418041856,3657,8830
695314793360662529,1484,3704
695095422348574720,631,2684
695074328191332352,1123,2896
695064344191721472,601,1628
695051054296211456,798,2715
694925794720792577,937,2753
694905863685980160,951,2804
694669722378485760,14700,36514
694356675654983680,292,1532
694352839993344000,631,2078
694342028726001664,491,1594
694329668942569472,514,2042
694206574471057408,2075,4253
694183373896572928,948,3010
694001791655137281,1051,3469
693993230313091072,410,1905
693942351086120961,376,1773
693647888581312512,602,2746
693644216740769793,126,1374
693642232151285760,417,2586
693629975228977152,808,2491
693622659251335168,378,1567
693590843962331137,1997,5159
693582294167244802,260,1681
693486665285931008,649,1813
693280720173801472,1261,3418
693267061318012928,829,2428
693262851218264065,510,2269
693231807727280129,751,2925
693155686491000832,3275,8031
693109034023534592,630,1744
693095443459342336,477,1903
692919143163629568,767,2719
692905862751522816,892,2479
692901601640583168,613,1804
692894228850999298,822,2321
692828166163931137,896,2928
692752401762250755,3716,6963
692568918515392513,1572,4442
692535307825213440,1389,3241
692530551048294401,421,1871
692423280028966913,232,1511
692417313023332352,3537,9529
692187005137076224,838,2579
692158366030913536,801,2183
692142790915014657,402,1676
692041934689402880,1294,3469
692017291282812928,981,2932
691820333922455552,1694,4034
691793053716221953,4316,8303
691756958957883396,1032,2926
691675652215414786,522,1988
691483041324204033,576,2426
691459709405118465,1166,4120
691444869282295808,867,2701
691416866452082688,7811,19720
691321916024623104,672,2621
691096613310316544,896,3017
691090071332753408,340,1748
690989312272396288,2931,6010
690959652130045952,1279,3667
690938899477221376,2014,4197
690932576555528194,1050,3356
690735892932222976,1299,3861
690728923253055490,528,2222
690690673629138944,824,2372
690649993829576704,286,1333
690607260360429569,17,297
690597161306841088,620,2006
690400367696297985,461,1914
690374419777196032,867,3314
690360449368465409,908,2708
690348396616552449,527,1539
690248561355657216,425,1710
690021994562220032,1050,2848
690015576308211712,751,2550
690005060500217858,1724,3732
689999384604450816,378,1455
689993469801164801,462,1486
689977555533848577,458,1392
689905486972461056,706,2485
689877686181715968,1199,3094
689835978131935233,760,2200
689661964914655233,943,3272
689659372465688576,3967,10581
689623661272240129,648,2270
689599056876867584,5649,11868
689557536375177216,468,2088
689517482558820352,1466,3476
689289219123089408,963,2300
689283819090870273,1131,3347
689280876073582592,727,2024
689275259254616065,247,1172
689255633275777024,1107,2612
689154315265683456,1018,3132
689143371370250240,522,2043
688916208532455424,894,2782
688908934925697024,785,2154
688898160958271489,797,2144
688894073864884227,710,2284
688828561667567616,379,1406
688804835492233216,194,980
688789766343622656,672,2261
688547210804498433,716,2662
688519176466644993,742,2362
688385280030670848,4558,9483
688211956440801280,850,2279
688179443353796608,593,2172
688116655151435777,798,2885
688064179421470721,367,1763
687841446767013888,2573,5585
687826841265172480,1146,2793
687818504314159109,970,2540
687807801670897665,727,2439
687732144991551489,680,1795
687704180304273409,860,2477
687664829264453632,516,1979
687494652870668288,588,1941
687480748861947905,247,1632
687476254459715584,545,2025
687460506001633280,551,2095
687399393394311168,633,1935
687317306314240000,9369,20555
687312378585812992,1946,4455
687127927494963200,2339,5566
687124485711986689,514,2209
687109925361856513,2510,5926
687102708889812993,1003,2392
687096057537363968,615,2286
686947101016735744,3264,8803
686760001961103360,1411,3596
686749460672679938,1486,3553
686730991906516992,1223,4225
686683045143953408,824,2879
686618349602762752,1393,3770
686606069955735556,554,1934
686394059078897668,698,1776
686386521809772549,900,3327
686377065986265092,580,2254
686358356425093120,689,2230
686286779679375361,1694,4084
686050296934563840,739,2250
686035780142297088,121,1179
686034024800862208,1181,3179
686007916130873345,425,2542
686003207160610816,650,1863
685973236358713344,536,2148
685943807276412928,608,1661
685906723014619143,2962,7671
685681090388975616,129,2079
685667379192414208,586,2402
685663452032069632,1493,3320
685641971164143616,796,3000
685547936038666240,16039,33667
685532292383666176,1188,3095
685325112850124800,4065,9657
685321586178670592,659,2703
685315239903100929,1084,3416
685307451701334016,453,2116
685268753634967552,1222,3164
685198997565345792,681,2388
685169283572338688,1455,4193
684969860808454144,381,2428
684959798585110529,3209,6959
684940049151070208,1069,3286
684926975086034944,472,3574
684914660081053696,1492,3583
684902183876321280,541,1918
684880619965411328,836,2143
684830982659280897,22141,35796
684800227459624960,1026,2773
684594889858887680,3603,9095
684588130326986752,1448,4190
684567543613382656,1257,3088
684538444857667585,973,2700
684481074559381504,1197,3959
684460069371654144,569,2011
684241637099323392,3361,8338
684225744407494656,213,1254
684222868335505415,1403,3902
684200372118904832,1057,2205
684195085588783105,522,1952
684188786104872960,1203,3561
684177701129875456,678,2058
684147889187209216,1541,3044
684122891630342144,480,2045
684097758874210310,1460,4208
683857920510050305,1141,3880
683852578183077888,353,1967
683849932751646720,991,2664
683834909291606017,1134,2672
683828599284170753,1091,2858
683773439333797890,1385,3409
683742671509258241,3392,6627
683515932363329536,2962,7487
683498322573824003,980,3233
683481228088049664,1018,2701
683462770029932544,691,2475
683449695444799489,1634,3978
683391852557561860,2447,7797
683357973142474752,947,2992
683142553609318400,1066,2935
683111407806746624,930,3468
683098815881154561,675,2203
683078886620553216,574,2022
683030066213818368,750,2201
682962037429899265,17012,37664
682808988178739200,177,1816
682788441537560576,1135,2524
682750546109968385,448,1543
682697186228989953,367,1334
682662431982772225,1105,3121
682638830361513985,614,2106
682429480204398592,1186,3500
682406705142087680,1806,7735
682393905736888321,691,2277
682389078323662849,474,1698
682303737705140231,1009,3117
682259524040966145,1235,4240
682242692827447297,1197,3324
682088079302213632,10095,18654
682059653698686977,1729,5045
682047327939461121,969,3258
682032003584274432,2054,6720
682003177596559360,1564,3202
681981167097122816,1059,2861
681891461017812993,837,2516
681694085539872773,4159,13027
681679526984871937,455,1805
681654059175129088,945,2690
681610798867845120,481,1944
681579835668455424,1331,3629
681523177663676416,5898,14598
681340665377193984,286,1670
681339448655802368,4172,9486
681320187870711809,767,2687
681302363064414209,1855,4018
681297372102656000,979,3274
681281657291280384,1122,3284
681261549936340994,280,1484
681242418453299201,547,1514
681231109724700672,497,2454
681193455364796417,1512,3768
680970795137544192,673,2466
680959110691590145,2043,4663
680940246314430465,1074,3261
680934982542561280,443,2113
680913438424612864,636,2447
680889648562991104,373,1798
680836378243002368,1352,3531
680805554198020098,676,2195
680801747103793152,832,2414
680798457301471234,1059,2899
680609293079592961,720,2683
680583894916304897,1372,3689
680497766108381184,1955,4312
680494726643068929,493,1757
680473011644985345,754,2592
680440374763077632,509,1473
680221482581123072,298,1486
680206703334408192,1199,2885
680191257256136705,509,2184
680176173301628928,1587,3962
680161097740095489,750,2366
680145970311643136,1780,3681
680130881361686529,968,2328
680115823365742593,925,2762
680100725817409536,1408,3644
680085611152338944,9148,13026
680070545539371008,897,2632
679877062409191424,663,2007
679872969355714560,676,2216
679862121895714818,636,2495
679854723806179328,1253,2908
679844490799091713,778,2407
679828447187857408,14282,36901
679777920601223168,1130,3139
679736210798047232,813,2127
679729593985699840,845,2196
679722016581222400,472,1678
679530280114372609,2120,4856
679527802031484928,731,2684
679511351870550016,1288,3424
679503373272485890,1497,3203
679475951516934144,651,2126
679462823135686656,19175,32228
679405845277462528,1227,2411
679158373988876288,8186,21727
679148763231985668,1048,2819
679132435750195208,1176,3010
679111216690831360,2611,6057
679062614270468097,8282,17275
679047485189439488,680,2275
679001094530465792,1244,2870
678991772295516161,1188,2344
678969228704284672,468,1669
678800283649069056,917,2616
678798276842360832,1183,3497
678774928607469569,924,2841
678767140346941444,1382,3589
678764513869611008,481,1658
678755239630127104,3336,7228
678740035362037760,1702,3799
678708137298427904,2463,5665
678675843183484930,1493,2899
678643457146150913,420,2074
678446151570427904,1576,4056
678424312106393600,2590,5561
678410210315247616,1843,4282
678399652199309312,32247,80256
678396796259975168,419,1615
678389028614488064,432,1892
678380236862578688,923,2473
678341075375947776,544,1748
678334497360859136,259,1319
678278586130948096,6154,11569
678255464182861824,369,1608
678023323247357953,388,1951
678021115718029313,6415,13873
677961670166224897,1704,3460
677918531514703872,419,1366
677895101218201600,2117,4895
677716515794329600,987,3094
677700003327029250,1459,3419
677698403548192770,323,1243
677687604918272002,853,2506
677673981332312066,1518,3359
677662372920729601,965,1961
677644091929329666,807,1879
677573743309385728,724,2154
677565715327688705,468,1310
677557565589463040,1167,2461
677547928504967168,3711,7004
677530072887205888,233,1081
677335745548390400,1802,3063
677334615166730240,287,1359
677331501395156992,237,1099
677328882937298944,1521,3663
677314812125323265,533,1657
677301033169788928,407,1243
677269281705472000,712,2009
677228873407442944,1655,3568
677187300187611136,930,2770
676975532580409345,1084,2799
676957860086095872,816,2247
676949632774234114,398,1319
676948236477857792,870,2185
676946864479084545,375,1738
676942428000112642,760,2086
676936541936185344,4953,12808
676916996760600576,1815,2995
676897532954456065,726,2266
676864501615042560,715,2110
676821958043033607,15752,23193
676819651066732545,673,1822
676811746707918848,426,1423
676776431406465024,2039,5029
676617503762681856,976,2917
676613908052996102,199,1085
676606785097199616,441,1889
676603393314578432,384,1166
676593408224403456,2170,4605
676590572941893632,126,916
676588346097852417,793,2327
676582956622721024,280,1206
676575501977128964,1120,2593
676533798876651520,555,1882
676496375194980353,534,1524
676470639084101634,4696,11676
676440007570247681,673,1728
676430933382295552,347,1402
676263575653122048,553,2085
676237365392908289,289,1226
676219687039057920,31170,76100
676215927814406144,585,1745
676191832485810177,1041,2291
676146341966438401,662,1928
676121918416756736,1166,2169
676101918813499392,1168,2830
676098748976615425,1432,3025
676089483918516224,436,1320
675898130735476737,569,1625
675891555769696257,863,2137
675888385639251968,960,2387
675878199931371520,1404,4190
675870721063669760,570,1638
675853064436391936,1302,2692
675849018447167488,145,940
675845657354215424,880,2281
675822767435051008,536,1520
675820929667219457,234,1049
675798442703122432,3406,10276
675781562965868544,471,1632
675740360753160193,346,1165
675710890956750848,820,1891
675707330206547968,689,1979
675706639471788032,97,641
675534494439489536,418,1820
675531475945709568,386,1183
675522403582218240,289,1041
675517828909424640,464,1290
675501075957489664,5836,17155
675497103322386432,1297,3147
675489971617296384,599,1298
675483430902214656,981,1840
675432746517426176,566,1524
675372240448454658,516,1689
675362609739206656,232,1046
675354435921575936,16874,32634
675349384339542016,2260,3914
675334060156301312,1288,2767
675166823650848770,1599,3602
675153376133427200,2590,6271
675149409102012420,1680,3715
675147105808306176,235,940
675146535592706048,306,1188
675145476954566656,905,2129
675135153782571009,493,1292
675113801096802304,786,1946
675111688094527488,253,962
675109292475830276,1134,2785
675047298674663426,325,1058
675015141583413248,1184,2708
675006312288268288,226,983
675003128568291329,468,1558
674999807681908736,1099,2241
674805413498527744,353,858
674800520222154752,860,3015
674793399141146624,1083,2504
674790488185167872,249,1097
674788554665512960,208,815
674781762103414784,1200,1998
674774481756377088,471,1111
674767892831932416,788,1822
674764817387900928,237,786
674754018082705410,447,1361
674752233200820224,464,1455
674743008475090944,550,1394
674742531037511680,50,487
674739953134403584,384,1102
674737130913071104,93,643
674690135443775488,466,1143
674670581682434048,645,1597
674664755118911488,253,916
674646392044941312,494,1433
674644256330530816,266,1020
674638615994089473,578,1676
674632714662858753,574,1498
674606911342424069,97,938
674468880899788800,2028,6199
674447403907457024,354,1059
674436901579923456,393,1108
674422304705744896,534,1431
674416750885273600,140,678
674410619106390016,462,1194
674394782723014656,571,1503
674372068062928900,314,843
674330906434379776,72,557
674318007229923329,515,1409
674307341513269249,6906,11267
674291837063053312,5840,14653
674271431610523648,730,1562
674269164442398721,225,902
674265582246694913,846,1643
674262580978937856,452,1299
674255168825880576,550,1455
674082852460433408,167,752
674075285688614912,287,980
674063288070742018,2193,6329
674053186244734976,1289,3304
674051556661161984,485,1437
674045139690631169,638,1409
674042553264685056,128,719
674038233588723717,410,1094
674036086168010753,209,842
674024893172875264,1206,1770
674019345211760640,300,1121
674014384960745472,632,1552
674008982932058114,347,1190
673956914389192708,947,1934
673919437611909120,368,1159
673906403526995968,1622,3173
673887867907739649,251,924
673716320723169284,740,3056
673715861853720576,2050,3515
673711475735838725,297,1029
673709992831262724,273,841
673708611235921920,284,1073
673707060090052608,386,1092
673705679337693185,400,1246
673700254269775872,560,1427
673697980713705472,1928,3764
673689733134946305,647,1719
673688752737402881,489,1252
673686845050527744,433,1422
673680198160809984,463,1360
673662677122719744,362,1243
673656262056419329,237,713
673636718965334016,355,1093
673612854080196609,719,1589
673583129559498752,357,1179
673580926094458881,269,828
673576835670777856,555,1376
673363615379013632,305,1012
673359818736984064,663,1434
673355879178194945,568,1476
673352124999274496,532,1643
673350198937153538,211,739
673345638550134785,1247,2483
673343217010679808,269,960
673342308415348736,573,1258
673320132811366400,7815,13346
673317986296586240,254,866
673295268553605120,3134,7442
673270968295534593,363,1053
673240798075449344,721,1408
673213039743795200,832,2220
673148804208660480,622,1673
672997845381865473,715,1949
672995267319328768,288,942
672988786805112832,292,977
672984142909456390,539,1243
672980819271634944,989,1805
672975131468300288,898,1658
672970152493887488,353,936
672968025906282496,541,1304
672964561327235073,632,1403
672902681409806336,496,1347
672898206762672129,423,896
672884426393653248,828,1525
672877615439593473,359,1017
672834301050937345,558,1302
672828477930868736,488,1239
672640509974827008,317,963
672622327801233409,485,1282
672614745925664768,573,1208
672609152938721280,385,1102
672604026190569472,396,1099
672594978741354496,603,1319
672591762242805761,332,938
672591271085670400,179,713
672538107540070400,359,1018
672523490734551040,167,629
672488522314567680,434,1098
672482722825261057,590,1121
672481316919734272,124,710
672475084225949696,692,1416
672466075045466113,529,1338
672272411274932228,3321,6395
672267570918129665,606,1482
672264251789176834,332,1124
672256522047614977,1523,2782
672254177670729728,729,1412
672248013293752320,598,1705
672245253877968896,155,673
672239279297454080,318,881
672231046314901505,991,1806
672222792075620352,209,775
672205392827572224,1136,2236
672169685991993344,364,1005
672160042234327040,353,862
672139350159835138,687,1726
672125275208069120,1126,2369
672095186491711488,366,992
672082170312290304,357,931
672068090318987265,511,1278
671896809300709376,4097,8406
671891728106971137,564,1315
671882082306625538,1359,3422
671879137494245376,664,1397
671874878652489728,546,1234
671866342182637568,485,1103
671855973984772097,435,893
671789708968640512,3436,6982
671768281401958400,499,1181
671763349865160704,902,1653
671744970634719232,755,1339
671743150407421952,233,739
671735591348891648,743,1430
671729906628341761,4288,8401
671561002136281088,7121,12659
671550332464455680,206,900
671547767500775424,584,1335
671544874165002241,1033,1953
671542985629241344,556,1080
671538301157904385,389,920
671536543010570240,399,1157
671533943490011136,569,1011
671528761649688577,258,835
671520732782923777,521,1384
671518598289059840,289,940
671511350426865664,702,1589
671504605491109889,3506,6914
671497587707535361,440,903
671488513339211776,464,1001
671486386088865792,195,573
671485057807351808,229,755
671390180817915904,733,1427
671362598324076544,292,1089
671357843010908160,147,395
671355857343524864,114,478
671347597085433856,421,946
671186162933985280,207,729
671182547775299584,339,1107
671166507850801152,347,861
671163268581498880,1083,1642
671159727754231808,81,366
671154572044468225,216,703
671151324042559489,152,663
671147085991960577,216,659
671141549288370177,647,1140
671138694582165504,397,908
671134062904504320,190,738
671122204919246848,2484,3452
671115716440031232,766,1354
671109016219725825,433,1122
670995969505435648,290,1095
670842764863651840,8544,24284
670840546554966016,193,582
670838202509447168,681,1092
670833812859932673,120,435
670832455012716544,213,723
670826280409919488,3984,5462
670823764196741120,186,763
670822709593571328,93,600
670815497391357952,1518,3135
670811965569282048,268,1111
670807719151067136,486,1145
670804601705242624,942,1934
670803562457407488,87,338
670797304698376195,234,730
670792680469889025,273,819
670789397210615808,238,652
670786190031921152,200,596
670783437142401025,382,814
670782429121134593,757,1544
670780561024270336,286,776
670778058496974848,72,325
670764103623966721,414,1057
670755717859713024,109,433
670733412878163972,504,947
670727704916926465,353,816
670717338665226240,485,1187
670704688707301377,368,764
670691627984359425,241,586
670679630144274432,276,742
670676092097810432,41,243
670668383499735048,4939,10559
670474236058800128,730,1490
670468609693655041,86,349
670465786746662913,539,958
670452855871037440,202,540
670449342516494336,643,1181
670444955656130560,1950,6634
670442337873600512,195,634
670435821946826752,507,1038
670434127938719744,635,1379
670433248821026816,111,324
670428280563085312,613,1362
670427002554466305,160,517
670421925039075328,621,1285
670420569653809152,309,620
670417414769758208,314,562
670411370698022913,877,2001
670408998013820928,220,552
670403879788544000,153,423
670385711116361728,202,552
670374371102445568,267,742
670361874861563904,65,324
670338931251150849,107,419
670319130621435904,1206,3829
670303360680108032,130,426
670290420111441920,280,695
670093938074779648,329,1013
670086499208155136,246,691
670079681849372674,1209,2200
670073503555706880,771,1560
670069087419133954,233,616
670061506722140161,331,753
670055038660800512,327,662
670046952931721218,170,640
670040295598354432,110,749
670037189829525505,269,584
670003130994700288,92,330
669993076832759809,83,322
669972011175813120,156,443
669970042633789440,59,301
669942763794931712,158,496
669926384437997569,99,367
669923323644657664,54,230
669753178989142016,391,803
669749430875258880,65,263
669684865554620416,88,508
669683899023405056,110,384
669682095984410625,131,347
669680153564442624,284,658
669661792646373376,425,796
669625907762618368,1789,3488
669603084620980224,357,940
669597912108789760,149,507
669583744538451968,915,1477
669573570759163904,137,430
669571471778410496,999,1573
669567591774625800,55,231
669564461267722241,121,380
669393256313184256,75,361
669375718304980992,717,1319
669371483794317312,177,492
669367896104181761,149,453
669363888236994561,222,612
669359674819481600,121,366
669354382627049472,1260,2664
669353438988365824,259,630
669351434509529089,180,431
669328503091937280,413,1004
669327207240699904,114,569
669324657376567296,205,493
669216679721873412,401,1181
669214165781868544,161,432
669203728096960512,467,993
669037058363662336,307,645
669015743032369152,370,732
669006782128353280,244,570
669000397445533696,6262,20604
668994913074286592,225,435
668992363537309700,338,731
668989615043424256,325,670
668988183816871936,461,885
668986018524233728,165,548
668981893510119424,301,531
668979806671884288,342,786
668975677807423489,571,1287
668967877119254528,22,145
668960084974809088,235,696
668955713004314625,71,275
668932921458302977,58,260
668902994700836864,100,314
668892474547511297,148,392
668872652652679168,297,519
668852170888998912,164,449
668826086256599040,134,428
668815180734689280,263,567
668779399630725120,367,698
668655139528511488,216,522
668645506898350081,519,874
668643542311546881,522,866
668641109086707712,532,1061
668636665813057536,481,1028
668633411083464705,1594,2764
668631377374486528,310,704
668627278264475648,111,310
668625577880875008,129,381
668623201287675904,749,1404
668620235289837568,40,196
668614819948453888,313,605
668587383441514497,1054,1656
668567822092664832,52,241
668544745690562560,217,502
668542336805281792,211,446
668537837512433665,72,249
668528771708952576,220,450
668507509523615744,101,318
668496999348633600,128,403
668484198282485761,231,417
668480044826800133,144,450
668466899341221888,506,871
668297328638447616,294,612
668291999406125056,29,237
668286279830867968,135,495
668274247790391296,227,808
668268907921326080,232,547
668256321989451776,595,1284
668248472370458624,472,960
668237644992782336,2790,6089
668226093875376128,102,294
668221241640230912,192,504
668204964695683073,190,551
668190681446379520,193,645
668171859951755264,189,480
668154635664932864,302,483
668142349051129856,277,566
668113020489474048,235,660
667937095915278337,773,1233
667924896115245057,109,294
667915453470232577,55,203
667911425562669056,297,482
667902449697558528,370,836
667886921285246976,1054,1848
667885044254572545,469,804
667878741721415682,115,384
667873844930215936,393,618
667866724293877760,1008,2966
667861340749471744,75,235
667832474953625600,61,287
667806454573760512,481,1040
667801013445750784,95,323
667793409583771648,323,689
667782464991965184,241,401
667773195014021121,55,233
667766675769573376,210,434
667728196545200128,146,372
667724302356258817,313,470
667550904950915073,34,0
667550882905632768,32,0
667549055577362432,2217,5672
667546741521195010,121,332
667544320556335104,512,847
667538891197542400,64,198
667534815156183040,511,806
667530908589760512,233,456
667524857454854144,1082,1654
667517642048163840,188,363
667509364010450944,2069,6655
667502640335572993,216,526
667495797102141441,262,505
667491009379606528,221,521
667470559035432960,96,249
667455448082227200,59,185
667453023279554560,88,302
667443425659232256,561,763
667437278097252352,230,441
667435689202614272,83,301
667405339315146752,217,455
667393430834667520,53,190
667369227918143488,159,357
667211855547486208,239,480
667200525029539841,256,603
667192066997374976,98,377
667188689915760640,397,731
667182792070062081,5998,14033
667177989038297088,55,186
667176164155375616,450,599
667174963120574464,79,238
667171260800061440,84,217
667165590075940865,1105,2625
667160273090932737,61,251
667152164079423490,16492,46636
667138269671505920,2138,4504
667119796878725120,125,323
667090893657276420,122,328
667073648344346624,117,391
667070482143944705,14,82
667065535570550784,44,162
667062181243039745,51,212
667044094246576128,49,181
667012601033924608,214,438
666996132027977728,89,238
666983947667116034,949,2488
666837028449972224,538,794
666835007768551424,77,207
666826780179869698,92,246
666817836334096384,242,499
666804364988780544,88,228
666786068205871104,471,732
666781792255496192,183,372
666776908487630848,168,336
666739327293083650,64,227
666701168228331520,211,420
666691418707132416,46,184
666649482315059201,596,1088
666644823164719104,77,225
666454714377183233,204,502
666447344410484738,19,98
666437273139982337,43,118
666435652385423360,51,159
666430724426358785,181,304
666428276349472768,79,158
666421158376562688,108,307
666418789513326592,44,117
666411507551481857,314,423
666407126856765440,35,101
666396247373291520,80,160
666373753744588802,86,177
666362758909284353,534,743
666353288456101888,71,209
666345417576210432,129,281
666337882303524864,86,186
666293911632134144,327,475
666287406224695296,63,140
666273097616637952,74,164
666268910803644416,32,98
666104133288665088,6134,13744
666102155909144576,11,74
666099513787052032,63,144
666094000022159362,68,157
666082916733198337,42,107
666073100786774016,149,306
666071193221509120,54,137
666063827256086533,201,455
666058600524156928,55,107
666057090499244032,131,276
666055525042405380,224,416
666051853826850816,801,1162
666050758794694657,55,127
666049248165822465,41,101
666044226329800704,135,280
666033412701032449,43,119
666029285002620928,45,122
666020888022790149,478,2476
